['6921143_H S15 EO.edf', '6921959_H S15 EO.edf', 'H S1 EC.edf', 'H S1 EO.edf', 'H S10 EC.edf', 'H S10 EO.edf', 'H S11 EC.edf', 'H S11 EO.edf', 'H S12 EO.edf', 'H S13 EC.edf', 'H S13 EO.edf', 'H S14 EC.edf', 'H S14 EO.edf', 'H S15 EC.edf', 'H S16 EC.edf', 'H S16 EO.edf', 'H S17 EC.edf', 'H S17 EO.edf', 'H S18 EO.edf', 'H S19 EC.edf', 'H S19 EO.edf', 'H S2 EC.edf', 'H S2 EO.edf', 'H S20 EC.edf', 'H S20 EO.edf', 'H S21 EC.edf', 'H S21 EO.edf', 'H S22 EC.edf', 'H S22 EO.edf', 'H S23 EC.edf', 'H S23 EO.edf', 'H S24 EC.edf', 'H S24 EO.edf', 'H S25 EC.edf', 'H S26 EC.edf', 'H S26 EO.edf', 'H S27 EC.edf', 'H S27 EO.edf', 'H S28 EC.edf', 'H S28 EO.edf', 'H S29 EC.edf', 'H S29 EO.edf', 'H S3 EC.edf', 'H S3 EO.edf', 'H S30 EC.edf', 'H S30 EO.edf', 'H S4 EC.edf', 'H S4 EO.edf', 'H S5 EC.edf', 'H S5 EO.edf', 'H S6 EC.edf', 'H S6 EO.edf', 'H S7 EC.edf', 'H S7 EO.edf', 'H S8 EC.edf', 'H S8 EO.edf', 'H S9 EC.edf', 'H S9 EO.edf']
['MDD S1  EO.edf', 'MDD S1 EC.edf', 'MDD S10 EC.edf', 'MDD S10 EO.edf', 'MDD S11  EC.edf', 'MDD S11 EO.edf', 'MDD S12 EO.edf', 'MDD S13 EC.edf', 'MDD S13 EO.edf', 'MDD S14 EC.edf', 'MDD S14 EO.edf', 'MDD S15 EC.edf', 'MDD S15 EO.edf', 'MDD S16 EO.edf', 'MDD S17 EC.edf', 'MDD S17 EO.edf', 'MDD S18 EC.edf', 'MDD S18 EO.edf', 'MDD S19 EC.edf', 'MDD S19 EO.edf', 'MDD S2  EC.edf', 'MDD S2 EO.edf', 'MDD S20 EC.edf', 'MDD S20 EO.edf', 'MDD S21 EC.edf', 'MDD S21 EO.edf', 'MDD S22 EC.edf', 'MDD S22 EO.edf', 'MDD S23 EC.edf', 'MDD S23 EO.edf', 'MDD S24  EC.edf', 'MDD S24 EO.edf', 'MDD S25 EC.edf', 'MDD S25 EO.edf', 'MDD S26 EC.edf', 'MDD S26 EO.edf', 'MDD S27 EC.edf', 'MDD S27 EO.edf', 'MDD S28 EC.edf', 'MDD S28 EO.edf', 'MDD S29 EC.edf', 'MDD S29 EO.edf', 'MDD S3 EC.edf', 'MDD S3 EO.edf', 'MDD S30 EC.edf', 'MDD S30 EO.edf', 'MDD S31 EC.edf', 'MDD S31 EO.edf', 'MDD S32 EC.edf', 'MDD S32 EO.edf', 'MDD S33 EC.edf', 'MDD S33 EO.edf', 'MDD S34 EC.edf', 'MDD S34 EO.edf', 'MDD S4 EO.edf', 'MDD S5 EC.edf', 'MDD S5 EO.edf', 'MDD S6 EC.edf', 'MDD S6 EO.edf', 'MDD S7  EC.edf', 'MDD S9 EC.edf', 'MDD S9 EO.edf']
58 62
['6921143_H S15 EO.edf', '6921959_H S15 EO.edf', 'H S1 EC.edf', 'H S1 EO.edf', 'H S10 EC.edf', 'H S10 EO.edf', 'H S11 EC.edf', 'H S11 EO.edf', 'H S12 EO.edf', 'H S13 EC.edf', 'H S13 EO.edf', 'H S14 EC.edf', 'H S14 EO.edf', 'H S15 EC.edf', 'H S16 EC.edf', 'H S16 EO.edf', 'H S17 EC.edf', 'H S17 EO.edf', 'H S18 EO.edf', 'H S19 EC.edf', 'H S19 EO.edf', 'H S2 EC.edf', 'H S2 EO.edf', 'H S20 EC.edf', 'H S20 EO.edf', 'H S21 EC.edf', 'H S21 EO.edf', 'H S22 EC.edf', 'H S22 EO.edf', 'H S23 EC.edf', 'H S23 EO.edf', 'H S24 EC.edf', 'H S24 EO.edf', 'H S25 EC.edf', 'H S26 EC.edf', 'H S26 EO.edf', 'H S27 EC.edf', 'H S27 EO.edf', 'H S28 EC.edf', 'H S28 EO.edf', 'MDD S1  EO.edf', 'MDD S1 EC.edf', 'MDD S10 EC.edf', 'MDD S10 EO.edf', 'MDD S11  EC.edf', 'MDD S11 EO.edf', 'MDD S12 EO.edf', 'MDD S13 EC.edf', 'MDD S13 EO.edf', 'MDD S14 EC.edf', 'MDD S14 EO.edf', 'MDD S15 EC.edf', 'MDD S15 EO.edf', 'MDD S16 EO.edf', 'MDD S17 EC.edf', 'MDD S17 EO.edf', 'MDD S18 EC.edf', 'MDD S18 EO.edf', 'MDD S19 EC.edf', 'MDD S19 EO.edf', 'MDD S2  EC.edf', 'MDD S2 EO.edf', 'MDD S20 EC.edf', 'MDD S20 EO.edf', 'MDD S21 EC.edf', 'MDD S21 EO.edf', 'MDD S22 EC.edf', 'MDD S22 EO.edf', 'MDD S23 EC.edf', 'MDD S23 EO.edf', 'MDD S24  EC.edf', 'MDD S24 EO.edf', 'MDD S25 EC.edf', 'MDD S25 EO.edf', 'MDD S26 EC.edf', 'MDD S26 EO.edf', 'MDD S27 EC.edf', 'MDD S27 EO.edf', 'MDD S28 EC.edf', 'MDD S28 EO.edf', 'MDD S29 EC.edf', 'MDD S29 EO.edf']
['H S29 EC.edf', 'H S29 EO.edf', 'H S3 EC.edf', 'H S3 EO.edf', 'H S30 EC.edf', 'H S30 EO.edf', 'H S4 EC.edf', 'H S4 EO.edf', 'MDD S3 EC.edf', 'MDD S3 EO.edf', 'MDD S30 EC.edf', 'MDD S30 EO.edf', 'MDD S31 EC.edf', 'MDD S31 EO.edf', 'MDD S32 EC.edf', 'MDD S32 EO.edf', 'MDD S33 EC.edf', 'MDD S33 EO.edf']
['H S5 EC.edf', 'H S5 EO.edf', 'H S6 EC.edf', 'H S6 EO.edf', 'H S7 EC.edf', 'H S7 EO.edf', 'H S8 EC.edf', 'H S8 EO.edf', 'H S9 EC.edf', 'H S9 EO.edf', 'MDD S34 EC.edf', 'MDD S34 EO.edf', 'MDD S4 EO.edf', 'MDD S5 EC.edf', 'MDD S5 EO.edf', 'MDD S6 EC.edf', 'MDD S6 EO.edf', 'MDD S7  EC.edf', 'MDD S9 EC.edf', 'MDD S9 EO.edf']
Extracting EDF parameters from /home/wkim/data/mumtaz/files/6921143_H S15 EO.edf...
Setting channel info structure...
Creating raw.info structure...
Reading 0 ... 77311  =      0.000 ...   301.996 secs...
['EEG Fp1-LE', 'EEG F3-LE', 'EEG C3-LE', 'EEG P3-LE', 'EEG O1-LE', 'EEG F7-LE', 'EEG T3-LE', 'EEG T5-LE', 'EEG Fz-LE', 'EEG Fp2-LE', 'EEG F4-LE', 'EEG C4-LE', 'EEG P4-LE', 'EEG O2-LE', 'EEG F8-LE', 'EEG T4-LE', 'EEG T6-LE', 'EEG Cz-LE', 'EEG Pz-LE', 'EEG A2-A1', 'EEG 23A-23R', 'EEG 24A-24R']
NOTE: pick_channels() is a legacy function. New code should use inst.pick(...).
['EEG Fp1-LE', 'EEG Fp2-LE', 'EEG F3-LE', 'EEG F4-LE', 'EEG C3-LE', 'EEG C4-LE', 'EEG P3-LE', 'EEG P4-LE', 'EEG O1-LE', 'EEG O2-LE', 'EEG F7-LE', 'EEG F8-LE', 'EEG T3-LE', 'EEG T4-LE', 'EEG T5-LE', 'EEG T6-LE', 'EEG Fz-LE', 'EEG Cz-LE', 'EEG Pz-LE']
Filtering raw data in 1 contiguous segment
Setting up band-pass filter from 0.3 - 75 Hz

FIR filter parameters
---------------------
Designing a one-pass, zero-phase, non-causal bandpass filter:
- Windowed time-domain design (firwin) method
- Hamming window with 0.0194 passband ripple and 53 dB stopband attenuation
- Lower passband edge: 0.30
- Lower transition bandwidth: 0.30 Hz (-6 dB cutoff frequency: 0.15 Hz)
- Upper passband edge: 75.00 Hz
- Upper transition bandwidth: 18.75 Hz (-6 dB cutoff frequency: 84.38 Hz)
- Filter length: 2201 samples (11.005 s)

Filtering raw data in 1 contiguous segment
Setting up band-stop filter from 49 - 51 Hz

FIR filter parameters
---------------------
Designing a one-pass, zero-phase, non-causal bandstop filter:
- Windowed time-domain design (firwin) method
- Hamming window with 0.0194 passband ripple and 53 dB stopband attenuation
- Lower passband edge: 49.38
- Lower transition bandwidth: 0.50 Hz (-6 dB cutoff frequency: 49.12 Hz)
- Upper passband edge: 50.62 Hz
- Upper transition bandwidth: 0.50 Hz (-6 dB cutoff frequency: 50.88 Hz)
- Filter length: 1321 samples (6.605 s)

(60400, 19)
400
(60, 19, 5, 200)
Extracting EDF parameters from /home/wkim/data/mumtaz/files/6921959_H S15 EO.edf...
Setting channel info structure...
Creating raw.info structure...
Reading 0 ... 77311  =      0.000 ...   301.996 secs...
['EEG Fp1-LE', 'EEG F3-LE', 'EEG C3-LE', 'EEG P3-LE', 'EEG O1-LE', 'EEG F7-LE', 'EEG T3-LE', 'EEG T5-LE', 'EEG Fz-LE', 'EEG Fp2-LE', 'EEG F4-LE', 'EEG C4-LE', 'EEG P4-LE', 'EEG O2-LE', 'EEG F8-LE', 'EEG T4-LE', 'EEG T6-LE', 'EEG Cz-LE', 'EEG Pz-LE', 'EEG A2-A1', 'EEG 23A-23R', 'EEG 24A-24R']
NOTE: pick_channels() is a legacy function. New code should use inst.pick(...).
['EEG Fp1-LE', 'EEG Fp2-LE', 'EEG F3-LE', 'EEG F4-LE', 'EEG C3-LE', 'EEG C4-LE', 'EEG P3-LE', 'EEG P4-LE', 'EEG O1-LE', 'EEG O2-LE', 'EEG F7-LE', 'EEG F8-LE', 'EEG T3-LE', 'EEG T4-LE', 'EEG T5-LE', 'EEG T6-LE', 'EEG Fz-LE', 'EEG Cz-LE', 'EEG Pz-LE']
Filtering raw data in 1 contiguous segment
Setting up band-pass filter from 0.3 - 75 Hz

FIR filter parameters
---------------------
Designing a one-pass, zero-phase, non-causal bandpass filter:
- Windowed time-domain design (firwin) method
- Hamming window with 0.0194 passband ripple and 53 dB stopband attenuation
- Lower passband edge: 0.30
- Lower transition bandwidth: 0.30 Hz (-6 dB cutoff frequency: 0.15 Hz)
- Upper passband edge: 75.00 Hz
- Upper transition bandwidth: 18.75 Hz (-6 dB cutoff frequency: 84.38 Hz)
- Filter length: 2201 samples (11.005 s)

Filtering raw data in 1 contiguous segment
Setting up band-stop filter from 49 - 51 Hz

FIR filter parameters
---------------------
Designing a one-pass, zero-phase, non-causal bandstop filter:
- Windowed time-domain design (firwin) method
- Hamming window with 0.0194 passband ripple and 53 dB stopband attenuation
- Lower passband edge: 49.38
- Lower transition bandwidth: 0.50 Hz (-6 dB cutoff frequency: 49.12 Hz)
- Upper passband edge: 50.62 Hz
- Upper transition bandwidth: 0.50 Hz (-6 dB cutoff frequency: 50.88 Hz)
- Filter length: 1321 samples (6.605 s)

(60400, 19)
400
(60, 19, 5, 200)
Extracting EDF parameters from /home/wkim/data/mumtaz/files/H S1 EC.edf...
Setting channel info structure...
Creating raw.info structure...
Reading 0 ... 76799  =      0.000 ...   299.996 secs...
['EEG Fp1-LE', 'EEG F3-LE', 'EEG C3-LE', 'EEG P3-LE', 'EEG O1-LE', 'EEG F7-LE', 'EEG T3-LE', 'EEG T5-LE', 'EEG Fz-LE', 'EEG Fp2-LE', 'EEG F4-LE', 'EEG C4-LE', 'EEG P4-LE', 'EEG O2-LE', 'EEG F8-LE', 'EEG T4-LE', 'EEG T6-LE', 'EEG Cz-LE', 'EEG Pz-LE', 'EEG A2-A1', 'EEG 23A-23R', 'EEG 24A-24R']
NOTE: pick_channels() is a legacy function. New code should use inst.pick(...).
['EEG Fp1-LE', 'EEG Fp2-LE', 'EEG F3-LE', 'EEG F4-LE', 'EEG C3-LE', 'EEG C4-LE', 'EEG P3-LE', 'EEG P4-LE', 'EEG O1-LE', 'EEG O2-LE', 'EEG F7-LE', 'EEG F8-LE', 'EEG T3-LE', 'EEG T4-LE', 'EEG T5-LE', 'EEG T6-LE', 'EEG Fz-LE', 'EEG Cz-LE', 'EEG Pz-LE']
Filtering raw data in 1 contiguous segment
Setting up band-pass filter from 0.3 - 75 Hz

FIR filter parameters
---------------------
Designing a one-pass, zero-phase, non-causal bandpass filter:
- Windowed time-domain design (firwin) method
- Hamming window with 0.0194 passband ripple and 53 dB stopband attenuation
- Lower passband edge: 0.30
- Lower transition bandwidth: 0.30 Hz (-6 dB cutoff frequency: 0.15 Hz)
- Upper passband edge: 75.00 Hz
- Upper transition bandwidth: 18.75 Hz (-6 dB cutoff frequency: 84.38 Hz)
- Filter length: 2201 samples (11.005 s)

Filtering raw data in 1 contiguous segment
Setting up band-stop filter from 49 - 51 Hz

FIR filter parameters
---------------------
Designing a one-pass, zero-phase, non-causal bandstop filter:
- Windowed time-domain design (firwin) method
- Hamming window with 0.0194 passband ripple and 53 dB stopband attenuation
- Lower passband edge: 49.38
- Lower transition bandwidth: 0.50 Hz (-6 dB cutoff frequency: 49.12 Hz)
- Upper passband edge: 50.62 Hz
- Upper transition bandwidth: 0.50 Hz (-6 dB cutoff frequency: 50.88 Hz)
- Filter length: 1321 samples (6.605 s)

(60000, 19)
0
(60, 19, 5, 200)
Extracting EDF parameters from /home/wkim/data/mumtaz/files/H S1 EO.edf...
Setting channel info structure...
Creating raw.info structure...
Reading 0 ... 89855  =      0.000 ...   350.996 secs...
['EEG Fp1-LE', 'EEG F3-LE', 'EEG C3-LE', 'EEG P3-LE', 'EEG O1-LE', 'EEG F7-LE', 'EEG T3-LE', 'EEG T5-LE', 'EEG Fz-LE', 'EEG Fp2-LE', 'EEG F4-LE', 'EEG C4-LE', 'EEG P4-LE', 'EEG O2-LE', 'EEG F8-LE', 'EEG T4-LE', 'EEG T6-LE', 'EEG Cz-LE', 'EEG Pz-LE', 'EEG A2-A1', 'EEG 23A-23R', 'EEG 24A-24R']
NOTE: pick_channels() is a legacy function. New code should use inst.pick(...).
['EEG Fp1-LE', 'EEG Fp2-LE', 'EEG F3-LE', 'EEG F4-LE', 'EEG C3-LE', 'EEG C4-LE', 'EEG P3-LE', 'EEG P4-LE', 'EEG O1-LE', 'EEG O2-LE', 'EEG F7-LE', 'EEG F8-LE', 'EEG T3-LE', 'EEG T4-LE', 'EEG T5-LE', 'EEG T6-LE', 'EEG Fz-LE', 'EEG Cz-LE', 'EEG Pz-LE']
Filtering raw data in 1 contiguous segment
Setting up band-pass filter from 0.3 - 75 Hz

FIR filter parameters
---------------------
Designing a one-pass, zero-phase, non-causal bandpass filter:
- Windowed time-domain design (firwin) method
- Hamming window with 0.0194 passband ripple and 53 dB stopband attenuation
- Lower passband edge: 0.30
- Lower transition bandwidth: 0.30 Hz (-6 dB cutoff frequency: 0.15 Hz)
- Upper passband edge: 75.00 Hz
- Upper transition bandwidth: 18.75 Hz (-6 dB cutoff frequency: 84.38 Hz)
- Filter length: 2201 samples (11.005 s)

Filtering raw data in 1 contiguous segment
Setting up band-stop filter from 49 - 51 Hz

FIR filter parameters
---------------------
Designing a one-pass, zero-phase, non-causal bandstop filter:
- Windowed time-domain design (firwin) method
- Hamming window with 0.0194 passband ripple and 53 dB stopband attenuation
- Lower passband edge: 49.38
- Lower transition bandwidth: 0.50 Hz (-6 dB cutoff frequency: 49.12 Hz)
- Upper passband edge: 50.62 Hz
- Upper transition bandwidth: 0.50 Hz (-6 dB cutoff frequency: 50.88 Hz)
- Filter length: 1321 samples (6.605 s)

(70200, 19)
200
(70, 19, 5, 200)
Extracting EDF parameters from /home/wkim/data/mumtaz/files/H S10 EC.edf...
Setting channel info structure...
Creating raw.info structure...
Reading 0 ... 96255  =      0.000 ...   375.996 secs...
['EEG Fp1-LE', 'EEG F3-LE', 'EEG C3-LE', 'EEG P3-LE', 'EEG O1-LE', 'EEG F7-LE', 'EEG T3-LE', 'EEG T5-LE', 'EEG Fz-LE', 'EEG Fp2-LE', 'EEG F4-LE', 'EEG C4-LE', 'EEG P4-LE', 'EEG O2-LE', 'EEG F8-LE', 'EEG T4-LE', 'EEG T6-LE', 'EEG Cz-LE', 'EEG Pz-LE', 'EEG A2-A1', 'EEG 23A-23R', 'EEG 24A-24R']
NOTE: pick_channels() is a legacy function. New code should use inst.pick(...).
['EEG Fp1-LE', 'EEG Fp2-LE', 'EEG F3-LE', 'EEG F4-LE', 'EEG C3-LE', 'EEG C4-LE', 'EEG P3-LE', 'EEG P4-LE', 'EEG O1-LE', 'EEG O2-LE', 'EEG F7-LE', 'EEG F8-LE', 'EEG T3-LE', 'EEG T4-LE', 'EEG T5-LE', 'EEG T6-LE', 'EEG Fz-LE', 'EEG Cz-LE', 'EEG Pz-LE']
Filtering raw data in 1 contiguous segment
Setting up band-pass filter from 0.3 - 75 Hz

FIR filter parameters
---------------------
Designing a one-pass, zero-phase, non-causal bandpass filter:
- Windowed time-domain design (firwin) method
- Hamming window with 0.0194 passband ripple and 53 dB stopband attenuation
- Lower passband edge: 0.30
- Lower transition bandwidth: 0.30 Hz (-6 dB cutoff frequency: 0.15 Hz)
- Upper passband edge: 75.00 Hz
- Upper transition bandwidth: 18.75 Hz (-6 dB cutoff frequency: 84.38 Hz)
- Filter length: 2201 samples (11.005 s)

Filtering raw data in 1 contiguous segment
Setting up band-stop filter from 49 - 51 Hz

FIR filter parameters
---------------------
Designing a one-pass, zero-phase, non-causal bandstop filter:
- Windowed time-domain design (firwin) method
- Hamming window with 0.0194 passband ripple and 53 dB stopband attenuation
- Lower passband edge: 49.38
- Lower transition bandwidth: 0.50 Hz (-6 dB cutoff frequency: 49.12 Hz)
- Upper passband edge: 50.62 Hz
- Upper transition bandwidth: 0.50 Hz (-6 dB cutoff frequency: 50.88 Hz)
- Filter length: 1321 samples (6.605 s)

(75200, 19)
200
(75, 19, 5, 200)
Extracting EDF parameters from /home/wkim/data/mumtaz/files/H S10 EO.edf...
Setting channel info structure...
Creating raw.info structure...
Reading 0 ... 76799  =      0.000 ...   299.996 secs...
['EEG Fp1-LE', 'EEG F3-LE', 'EEG C3-LE', 'EEG P3-LE', 'EEG O1-LE', 'EEG F7-LE', 'EEG T3-LE', 'EEG T5-LE', 'EEG Fz-LE', 'EEG Fp2-LE', 'EEG F4-LE', 'EEG C4-LE', 'EEG P4-LE', 'EEG O2-LE', 'EEG F8-LE', 'EEG T4-LE', 'EEG T6-LE', 'EEG Cz-LE', 'EEG Pz-LE', 'EEG A2-A1', 'EEG 23A-23R', 'EEG 24A-24R']
NOTE: pick_channels() is a legacy function. New code should use inst.pick(...).
['EEG Fp1-LE', 'EEG Fp2-LE', 'EEG F3-LE', 'EEG F4-LE', 'EEG C3-LE', 'EEG C4-LE', 'EEG P3-LE', 'EEG P4-LE', 'EEG O1-LE', 'EEG O2-LE', 'EEG F7-LE', 'EEG F8-LE', 'EEG T3-LE', 'EEG T4-LE', 'EEG T5-LE', 'EEG T6-LE', 'EEG Fz-LE', 'EEG Cz-LE', 'EEG Pz-LE']
Filtering raw data in 1 contiguous segment
Setting up band-pass filter from 0.3 - 75 Hz

FIR filter parameters
---------------------
Designing a one-pass, zero-phase, non-causal bandpass filter:
- Windowed time-domain design (firwin) method
- Hamming window with 0.0194 passband ripple and 53 dB stopband attenuation
- Lower passband edge: 0.30
- Lower transition bandwidth: 0.30 Hz (-6 dB cutoff frequency: 0.15 Hz)
- Upper passband edge: 75.00 Hz
- Upper transition bandwidth: 18.75 Hz (-6 dB cutoff frequency: 84.38 Hz)
- Filter length: 2201 samples (11.005 s)

Filtering raw data in 1 contiguous segment
Setting up band-stop filter from 49 - 51 Hz

FIR filter parameters
---------------------
Designing a one-pass, zero-phase, non-causal bandstop filter:
- Windowed time-domain design (firwin) method
- Hamming window with 0.0194 passband ripple and 53 dB stopband attenuation
- Lower passband edge: 49.38
- Lower transition bandwidth: 0.50 Hz (-6 dB cutoff frequency: 49.12 Hz)
- Upper passband edge: 50.62 Hz
- Upper transition bandwidth: 0.50 Hz (-6 dB cutoff frequency: 50.88 Hz)
- Filter length: 1321 samples (6.605 s)

(60000, 19)
0
(60, 19, 5, 200)
Extracting EDF parameters from /home/wkim/data/mumtaz/files/H S11 EC.edf...
Setting channel info structure...
Creating raw.info structure...
Reading 0 ... 76799  =      0.000 ...   299.996 secs...
['EEG Fp1-LE', 'EEG F3-LE', 'EEG C3-LE', 'EEG P3-LE', 'EEG O1-LE', 'EEG F7-LE', 'EEG T3-LE', 'EEG T5-LE', 'EEG Fz-LE', 'EEG Fp2-LE', 'EEG F4-LE', 'EEG C4-LE', 'EEG P4-LE', 'EEG O2-LE', 'EEG F8-LE', 'EEG T4-LE', 'EEG T6-LE', 'EEG Cz-LE', 'EEG Pz-LE', 'EEG A2-A1', 'EEG 23A-23R', 'EEG 24A-24R']
NOTE: pick_channels() is a legacy function. New code should use inst.pick(...).
['EEG Fp1-LE', 'EEG Fp2-LE', 'EEG F3-LE', 'EEG F4-LE', 'EEG C3-LE', 'EEG C4-LE', 'EEG P3-LE', 'EEG P4-LE', 'EEG O1-LE', 'EEG O2-LE', 'EEG F7-LE', 'EEG F8-LE', 'EEG T3-LE', 'EEG T4-LE', 'EEG T5-LE', 'EEG T6-LE', 'EEG Fz-LE', 'EEG Cz-LE', 'EEG Pz-LE']
Filtering raw data in 1 contiguous segment
Setting up band-pass filter from 0.3 - 75 Hz

FIR filter parameters
---------------------
Designing a one-pass, zero-phase, non-causal bandpass filter:
- Windowed time-domain design (firwin) method
- Hamming window with 0.0194 passband ripple and 53 dB stopband attenuation
- Lower passband edge: 0.30
- Lower transition bandwidth: 0.30 Hz (-6 dB cutoff frequency: 0.15 Hz)
- Upper passband edge: 75.00 Hz
- Upper transition bandwidth: 18.75 Hz (-6 dB cutoff frequency: 84.38 Hz)
- Filter length: 2201 samples (11.005 s)

Filtering raw data in 1 contiguous segment
Setting up band-stop filter from 49 - 51 Hz

FIR filter parameters
---------------------
Designing a one-pass, zero-phase, non-causal bandstop filter:
- Windowed time-domain design (firwin) method
- Hamming window with 0.0194 passband ripple and 53 dB stopband attenuation
- Lower passband edge: 49.38
- Lower transition bandwidth: 0.50 Hz (-6 dB cutoff frequency: 49.12 Hz)
- Upper passband edge: 50.62 Hz
- Upper transition bandwidth: 0.50 Hz (-6 dB cutoff frequency: 50.88 Hz)
- Filter length: 1321 samples (6.605 s)

(60000, 19)
0
(60, 19, 5, 200)
Extracting EDF parameters from /home/wkim/data/mumtaz/files/H S11 EO.edf...
Setting channel info structure...
Creating raw.info structure...
Reading 0 ... 77311  =      0.000 ...   301.996 secs...
['EEG Fp1-LE', 'EEG F3-LE', 'EEG C3-LE', 'EEG P3-LE', 'EEG O1-LE', 'EEG F7-LE', 'EEG T3-LE', 'EEG T5-LE', 'EEG Fz-LE', 'EEG Fp2-LE', 'EEG F4-LE', 'EEG C4-LE', 'EEG P4-LE', 'EEG O2-LE', 'EEG F8-LE', 'EEG T4-LE', 'EEG T6-LE', 'EEG Cz-LE', 'EEG Pz-LE', 'EEG A2-A1', 'EEG 23A-23R', 'EEG 24A-24R']
NOTE: pick_channels() is a legacy function. New code should use inst.pick(...).
['EEG Fp1-LE', 'EEG Fp2-LE', 'EEG F3-LE', 'EEG F4-LE', 'EEG C3-LE', 'EEG C4-LE', 'EEG P3-LE', 'EEG P4-LE', 'EEG O1-LE', 'EEG O2-LE', 'EEG F7-LE', 'EEG F8-LE', 'EEG T3-LE', 'EEG T4-LE', 'EEG T5-LE', 'EEG T6-LE', 'EEG Fz-LE', 'EEG Cz-LE', 'EEG Pz-LE']
Filtering raw data in 1 contiguous segment
Setting up band-pass filter from 0.3 - 75 Hz

FIR filter parameters
---------------------
Designing a one-pass, zero-phase, non-causal bandpass filter:
- Windowed time-domain design (firwin) method
- Hamming window with 0.0194 passband ripple and 53 dB stopband attenuation
- Lower passband edge: 0.30
- Lower transition bandwidth: 0.30 Hz (-6 dB cutoff frequency: 0.15 Hz)
- Upper passband edge: 75.00 Hz
- Upper transition bandwidth: 18.75 Hz (-6 dB cutoff frequency: 84.38 Hz)
- Filter length: 2201 samples (11.005 s)

Filtering raw data in 1 contiguous segment
Setting up band-stop filter from 49 - 51 Hz

FIR filter parameters
---------------------
Designing a one-pass, zero-phase, non-causal bandstop filter:
- Windowed time-domain design (firwin) method
- Hamming window with 0.0194 passband ripple and 53 dB stopband attenuation
- Lower passband edge: 49.38
- Lower transition bandwidth: 0.50 Hz (-6 dB cutoff frequency: 49.12 Hz)
- Upper passband edge: 50.62 Hz
- Upper transition bandwidth: 0.50 Hz (-6 dB cutoff frequency: 50.88 Hz)
- Filter length: 1321 samples (6.605 s)

(60400, 19)
400
(60, 19, 5, 200)
Extracting EDF parameters from /home/wkim/data/mumtaz/files/H S12 EO.edf...
Setting channel info structure...
Creating raw.info structure...
Reading 0 ... 76799  =      0.000 ...   299.996 secs...
['EEG Fp1-LE', 'EEG F3-LE', 'EEG C3-LE', 'EEG P3-LE', 'EEG O1-LE', 'EEG F7-LE', 'EEG T3-LE', 'EEG T5-LE', 'EEG Fz-LE', 'EEG Fp2-LE', 'EEG F4-LE', 'EEG C4-LE', 'EEG P4-LE', 'EEG O2-LE', 'EEG F8-LE', 'EEG T4-LE', 'EEG T6-LE', 'EEG Cz-LE', 'EEG Pz-LE', 'EEG A2-A1', 'EEG 23A-23R', 'EEG 24A-24R']
NOTE: pick_channels() is a legacy function. New code should use inst.pick(...).
['EEG Fp1-LE', 'EEG Fp2-LE', 'EEG F3-LE', 'EEG F4-LE', 'EEG C3-LE', 'EEG C4-LE', 'EEG P3-LE', 'EEG P4-LE', 'EEG O1-LE', 'EEG O2-LE', 'EEG F7-LE', 'EEG F8-LE', 'EEG T3-LE', 'EEG T4-LE', 'EEG T5-LE', 'EEG T6-LE', 'EEG Fz-LE', 'EEG Cz-LE', 'EEG Pz-LE']
Filtering raw data in 1 contiguous segment
Setting up band-pass filter from 0.3 - 75 Hz

FIR filter parameters
---------------------
Designing a one-pass, zero-phase, non-causal bandpass filter:
- Windowed time-domain design (firwin) method
- Hamming window with 0.0194 passband ripple and 53 dB stopband attenuation
- Lower passband edge: 0.30
- Lower transition bandwidth: 0.30 Hz (-6 dB cutoff frequency: 0.15 Hz)
- Upper passband edge: 75.00 Hz
- Upper transition bandwidth: 18.75 Hz (-6 dB cutoff frequency: 84.38 Hz)
- Filter length: 2201 samples (11.005 s)

Filtering raw data in 1 contiguous segment
Setting up band-stop filter from 49 - 51 Hz

FIR filter parameters
---------------------
Designing a one-pass, zero-phase, non-causal bandstop filter:
- Windowed time-domain design (firwin) method
- Hamming window with 0.0194 passband ripple and 53 dB stopband attenuation
- Lower passband edge: 49.38
- Lower transition bandwidth: 0.50 Hz (-6 dB cutoff frequency: 49.12 Hz)
- Upper passband edge: 50.62 Hz
- Upper transition bandwidth: 0.50 Hz (-6 dB cutoff frequency: 50.88 Hz)
- Filter length: 1321 samples (6.605 s)

(60000, 19)
0
(60, 19, 5, 200)
Extracting EDF parameters from /home/wkim/data/mumtaz/files/H S13 EC.edf...
Setting channel info structure...
Creating raw.info structure...
Reading 0 ... 76799  =      0.000 ...   299.996 secs...
['EEG Fp1-LE', 'EEG F3-LE', 'EEG C3-LE', 'EEG P3-LE', 'EEG O1-LE', 'EEG F7-LE', 'EEG T3-LE', 'EEG T5-LE', 'EEG Fz-LE', 'EEG Fp2-LE', 'EEG F4-LE', 'EEG C4-LE', 'EEG P4-LE', 'EEG O2-LE', 'EEG F8-LE', 'EEG T4-LE', 'EEG T6-LE', 'EEG Cz-LE', 'EEG Pz-LE', 'EEG A2-A1', 'EEG 23A-23R', 'EEG 24A-24R']
NOTE: pick_channels() is a legacy function. New code should use inst.pick(...).
['EEG Fp1-LE', 'EEG Fp2-LE', 'EEG F3-LE', 'EEG F4-LE', 'EEG C3-LE', 'EEG C4-LE', 'EEG P3-LE', 'EEG P4-LE', 'EEG O1-LE', 'EEG O2-LE', 'EEG F7-LE', 'EEG F8-LE', 'EEG T3-LE', 'EEG T4-LE', 'EEG T5-LE', 'EEG T6-LE', 'EEG Fz-LE', 'EEG Cz-LE', 'EEG Pz-LE']
Filtering raw data in 1 contiguous segment
Setting up band-pass filter from 0.3 - 75 Hz

FIR filter parameters
---------------------
Designing a one-pass, zero-phase, non-causal bandpass filter:
- Windowed time-domain design (firwin) method
- Hamming window with 0.0194 passband ripple and 53 dB stopband attenuation
- Lower passband edge: 0.30
- Lower transition bandwidth: 0.30 Hz (-6 dB cutoff frequency: 0.15 Hz)
- Upper passband edge: 75.00 Hz
- Upper transition bandwidth: 18.75 Hz (-6 dB cutoff frequency: 84.38 Hz)
- Filter length: 2201 samples (11.005 s)

Filtering raw data in 1 contiguous segment
Setting up band-stop filter from 49 - 51 Hz

FIR filter parameters
---------------------
Designing a one-pass, zero-phase, non-causal bandstop filter:
- Windowed time-domain design (firwin) method
- Hamming window with 0.0194 passband ripple and 53 dB stopband attenuation
- Lower passband edge: 49.38
- Lower transition bandwidth: 0.50 Hz (-6 dB cutoff frequency: 49.12 Hz)
- Upper passband edge: 50.62 Hz
- Upper transition bandwidth: 0.50 Hz (-6 dB cutoff frequency: 50.88 Hz)
- Filter length: 1321 samples (6.605 s)

(60000, 19)
0
(60, 19, 5, 200)
Extracting EDF parameters from /home/wkim/data/mumtaz/files/H S13 EO.edf...
Setting channel info structure...
Creating raw.info structure...
Reading 0 ... 77567  =      0.000 ...   302.996 secs...
['EEG Fp1-LE', 'EEG F3-LE', 'EEG C3-LE', 'EEG P3-LE', 'EEG O1-LE', 'EEG F7-LE', 'EEG T3-LE', 'EEG T5-LE', 'EEG Fz-LE', 'EEG Fp2-LE', 'EEG F4-LE', 'EEG C4-LE', 'EEG P4-LE', 'EEG O2-LE', 'EEG F8-LE', 'EEG T4-LE', 'EEG T6-LE', 'EEG Cz-LE', 'EEG Pz-LE', 'EEG A2-A1', 'EEG 23A-23R', 'EEG 24A-24R']
NOTE: pick_channels() is a legacy function. New code should use inst.pick(...).
['EEG Fp1-LE', 'EEG Fp2-LE', 'EEG F3-LE', 'EEG F4-LE', 'EEG C3-LE', 'EEG C4-LE', 'EEG P3-LE', 'EEG P4-LE', 'EEG O1-LE', 'EEG O2-LE', 'EEG F7-LE', 'EEG F8-LE', 'EEG T3-LE', 'EEG T4-LE', 'EEG T5-LE', 'EEG T6-LE', 'EEG Fz-LE', 'EEG Cz-LE', 'EEG Pz-LE']
Filtering raw data in 1 contiguous segment
Setting up band-pass filter from 0.3 - 75 Hz

FIR filter parameters
---------------------
Designing a one-pass, zero-phase, non-causal bandpass filter:
- Windowed time-domain design (firwin) method
- Hamming window with 0.0194 passband ripple and 53 dB stopband attenuation
- Lower passband edge: 0.30
- Lower transition bandwidth: 0.30 Hz (-6 dB cutoff frequency: 0.15 Hz)
- Upper passband edge: 75.00 Hz
- Upper transition bandwidth: 18.75 Hz (-6 dB cutoff frequency: 84.38 Hz)
- Filter length: 2201 samples (11.005 s)

Filtering raw data in 1 contiguous segment
Setting up band-stop filter from 49 - 51 Hz

FIR filter parameters
---------------------
Designing a one-pass, zero-phase, non-causal bandstop filter:
- Windowed time-domain design (firwin) method
- Hamming window with 0.0194 passband ripple and 53 dB stopband attenuation
- Lower passband edge: 49.38
- Lower transition bandwidth: 0.50 Hz (-6 dB cutoff frequency: 49.12 Hz)
- Upper passband edge: 50.62 Hz
- Upper transition bandwidth: 0.50 Hz (-6 dB cutoff frequency: 50.88 Hz)
- Filter length: 1321 samples (6.605 s)

(60600, 19)
600
(60, 19, 5, 200)
Extracting EDF parameters from /home/wkim/data/mumtaz/files/H S14 EC.edf...
Setting channel info structure...
Creating raw.info structure...
Reading 0 ... 77311  =      0.000 ...   301.996 secs...
['EEG Fp1-LE', 'EEG F3-LE', 'EEG C3-LE', 'EEG P3-LE', 'EEG O1-LE', 'EEG F7-LE', 'EEG T3-LE', 'EEG T5-LE', 'EEG Fz-LE', 'EEG Fp2-LE', 'EEG F4-LE', 'EEG C4-LE', 'EEG P4-LE', 'EEG O2-LE', 'EEG F8-LE', 'EEG T4-LE', 'EEG T6-LE', 'EEG Cz-LE', 'EEG Pz-LE', 'EEG A2-A1', 'EEG 23A-23R', 'EEG 24A-24R']
NOTE: pick_channels() is a legacy function. New code should use inst.pick(...).
['EEG Fp1-LE', 'EEG Fp2-LE', 'EEG F3-LE', 'EEG F4-LE', 'EEG C3-LE', 'EEG C4-LE', 'EEG P3-LE', 'EEG P4-LE', 'EEG O1-LE', 'EEG O2-LE', 'EEG F7-LE', 'EEG F8-LE', 'EEG T3-LE', 'EEG T4-LE', 'EEG T5-LE', 'EEG T6-LE', 'EEG Fz-LE', 'EEG Cz-LE', 'EEG Pz-LE']
Filtering raw data in 1 contiguous segment
Setting up band-pass filter from 0.3 - 75 Hz

FIR filter parameters
---------------------
Designing a one-pass, zero-phase, non-causal bandpass filter:
- Windowed time-domain design (firwin) method
- Hamming window with 0.0194 passband ripple and 53 dB stopband attenuation
- Lower passband edge: 0.30
- Lower transition bandwidth: 0.30 Hz (-6 dB cutoff frequency: 0.15 Hz)
- Upper passband edge: 75.00 Hz
- Upper transition bandwidth: 18.75 Hz (-6 dB cutoff frequency: 84.38 Hz)
- Filter length: 2201 samples (11.005 s)

Filtering raw data in 1 contiguous segment
Setting up band-stop filter from 49 - 51 Hz

FIR filter parameters
---------------------
Designing a one-pass, zero-phase, non-causal bandstop filter:
- Windowed time-domain design (firwin) method
- Hamming window with 0.0194 passband ripple and 53 dB stopband attenuation
- Lower passband edge: 49.38
- Lower transition bandwidth: 0.50 Hz (-6 dB cutoff frequency: 49.12 Hz)
- Upper passband edge: 50.62 Hz
- Upper transition bandwidth: 0.50 Hz (-6 dB cutoff frequency: 50.88 Hz)
- Filter length: 1321 samples (6.605 s)

(60400, 19)
400
(60, 19, 5, 200)
Extracting EDF parameters from /home/wkim/data/mumtaz/files/H S14 EO.edf...
Setting channel info structure...
Creating raw.info structure...
Reading 0 ... 49663  =      0.000 ...   193.996 secs...
['EEG Fp1-LE', 'EEG F3-LE', 'EEG C3-LE', 'EEG P3-LE', 'EEG O1-LE', 'EEG F7-LE', 'EEG T3-LE', 'EEG T5-LE', 'EEG Fz-LE', 'EEG Fp2-LE', 'EEG F4-LE', 'EEG C4-LE', 'EEG P4-LE', 'EEG O2-LE', 'EEG F8-LE', 'EEG T4-LE', 'EEG T6-LE', 'EEG Cz-LE', 'EEG Pz-LE', 'EEG A2-A1', 'EEG 23A-23R', 'EEG 24A-24R']
NOTE: pick_channels() is a legacy function. New code should use inst.pick(...).
['EEG Fp1-LE', 'EEG Fp2-LE', 'EEG F3-LE', 'EEG F4-LE', 'EEG C3-LE', 'EEG C4-LE', 'EEG P3-LE', 'EEG P4-LE', 'EEG O1-LE', 'EEG O2-LE', 'EEG F7-LE', 'EEG F8-LE', 'EEG T3-LE', 'EEG T4-LE', 'EEG T5-LE', 'EEG T6-LE', 'EEG Fz-LE', 'EEG Cz-LE', 'EEG Pz-LE']
Filtering raw data in 1 contiguous segment
Setting up band-pass filter from 0.3 - 75 Hz

FIR filter parameters
---------------------
Designing a one-pass, zero-phase, non-causal bandpass filter:
- Windowed time-domain design (firwin) method
- Hamming window with 0.0194 passband ripple and 53 dB stopband attenuation
- Lower passband edge: 0.30
- Lower transition bandwidth: 0.30 Hz (-6 dB cutoff frequency: 0.15 Hz)
- Upper passband edge: 75.00 Hz
- Upper transition bandwidth: 18.75 Hz (-6 dB cutoff frequency: 84.38 Hz)
- Filter length: 2201 samples (11.005 s)

Filtering raw data in 1 contiguous segment
Setting up band-stop filter from 49 - 51 Hz

FIR filter parameters
---------------------
Designing a one-pass, zero-phase, non-causal bandstop filter:
- Windowed time-domain design (firwin) method
- Hamming window with 0.0194 passband ripple and 53 dB stopband attenuation
- Lower passband edge: 49.38
- Lower transition bandwidth: 0.50 Hz (-6 dB cutoff frequency: 49.12 Hz)
- Upper passband edge: 50.62 Hz
- Upper transition bandwidth: 0.50 Hz (-6 dB cutoff frequency: 50.88 Hz)
- Filter length: 1321 samples (6.605 s)

(38800, 19)
800
(38, 19, 5, 200)
Extracting EDF parameters from /home/wkim/data/mumtaz/files/H S15 EC.edf...
Setting channel info structure...
Creating raw.info structure...
Reading 0 ... 76799  =      0.000 ...   299.996 secs...
['EEG Fp1-LE', 'EEG F3-LE', 'EEG C3-LE', 'EEG P3-LE', 'EEG O1-LE', 'EEG F7-LE', 'EEG T3-LE', 'EEG T5-LE', 'EEG Fz-LE', 'EEG Fp2-LE', 'EEG F4-LE', 'EEG C4-LE', 'EEG P4-LE', 'EEG O2-LE', 'EEG F8-LE', 'EEG T4-LE', 'EEG T6-LE', 'EEG Cz-LE', 'EEG Pz-LE', 'EEG A2-A1', 'EEG 23A-23R', 'EEG 24A-24R']
NOTE: pick_channels() is a legacy function. New code should use inst.pick(...).
['EEG Fp1-LE', 'EEG Fp2-LE', 'EEG F3-LE', 'EEG F4-LE', 'EEG C3-LE', 'EEG C4-LE', 'EEG P3-LE', 'EEG P4-LE', 'EEG O1-LE', 'EEG O2-LE', 'EEG F7-LE', 'EEG F8-LE', 'EEG T3-LE', 'EEG T4-LE', 'EEG T5-LE', 'EEG T6-LE', 'EEG Fz-LE', 'EEG Cz-LE', 'EEG Pz-LE']
Filtering raw data in 1 contiguous segment
Setting up band-pass filter from 0.3 - 75 Hz

FIR filter parameters
---------------------
Designing a one-pass, zero-phase, non-causal bandpass filter:
- Windowed time-domain design (firwin) method
- Hamming window with 0.0194 passband ripple and 53 dB stopband attenuation
- Lower passband edge: 0.30
- Lower transition bandwidth: 0.30 Hz (-6 dB cutoff frequency: 0.15 Hz)
- Upper passband edge: 75.00 Hz
- Upper transition bandwidth: 18.75 Hz (-6 dB cutoff frequency: 84.38 Hz)
- Filter length: 2201 samples (11.005 s)

Filtering raw data in 1 contiguous segment
Setting up band-stop filter from 49 - 51 Hz

FIR filter parameters
---------------------
Designing a one-pass, zero-phase, non-causal bandstop filter:
- Windowed time-domain design (firwin) method
- Hamming window with 0.0194 passband ripple and 53 dB stopband attenuation
- Lower passband edge: 49.38
- Lower transition bandwidth: 0.50 Hz (-6 dB cutoff frequency: 49.12 Hz)
- Upper passband edge: 50.62 Hz
- Upper transition bandwidth: 0.50 Hz (-6 dB cutoff frequency: 50.88 Hz)
- Filter length: 1321 samples (6.605 s)

(60000, 19)
0
(60, 19, 5, 200)
Extracting EDF parameters from /home/wkim/data/mumtaz/files/H S16 EC.edf...
Setting channel info structure...
Creating raw.info structure...
Reading 0 ... 74751  =      0.000 ...   291.996 secs...
['EEG Fp1-LE', 'EEG F3-LE', 'EEG C3-LE', 'EEG P3-LE', 'EEG O1-LE', 'EEG F7-LE', 'EEG T3-LE', 'EEG T5-LE', 'EEG Fz-LE', 'EEG Fp2-LE', 'EEG F4-LE', 'EEG C4-LE', 'EEG P4-LE', 'EEG O2-LE', 'EEG F8-LE', 'EEG T4-LE', 'EEG T6-LE', 'EEG Cz-LE', 'EEG Pz-LE', 'EEG A2-A1']
NOTE: pick_channels() is a legacy function. New code should use inst.pick(...).
['EEG Fp1-LE', 'EEG Fp2-LE', 'EEG F3-LE', 'EEG F4-LE', 'EEG C3-LE', 'EEG C4-LE', 'EEG P3-LE', 'EEG P4-LE', 'EEG O1-LE', 'EEG O2-LE', 'EEG F7-LE', 'EEG F8-LE', 'EEG T3-LE', 'EEG T4-LE', 'EEG T5-LE', 'EEG T6-LE', 'EEG Fz-LE', 'EEG Cz-LE', 'EEG Pz-LE']
Filtering raw data in 1 contiguous segment
Setting up band-pass filter from 0.3 - 75 Hz

FIR filter parameters
---------------------
Designing a one-pass, zero-phase, non-causal bandpass filter:
- Windowed time-domain design (firwin) method
- Hamming window with 0.0194 passband ripple and 53 dB stopband attenuation
- Lower passband edge: 0.30
- Lower transition bandwidth: 0.30 Hz (-6 dB cutoff frequency: 0.15 Hz)
- Upper passband edge: 75.00 Hz
- Upper transition bandwidth: 18.75 Hz (-6 dB cutoff frequency: 84.38 Hz)
- Filter length: 2201 samples (11.005 s)

Filtering raw data in 1 contiguous segment
Setting up band-stop filter from 49 - 51 Hz

FIR filter parameters
---------------------
Designing a one-pass, zero-phase, non-causal bandstop filter:
- Windowed time-domain design (firwin) method
- Hamming window with 0.0194 passband ripple and 53 dB stopband attenuation
- Lower passband edge: 49.38
- Lower transition bandwidth: 0.50 Hz (-6 dB cutoff frequency: 49.12 Hz)
- Upper passband edge: 50.62 Hz
- Upper transition bandwidth: 0.50 Hz (-6 dB cutoff frequency: 50.88 Hz)
- Filter length: 1321 samples (6.605 s)

(58400, 19)
400
(58, 19, 5, 200)
Extracting EDF parameters from /home/wkim/data/mumtaz/files/H S16 EO.edf...
Setting channel info structure...
Creating raw.info structure...
Reading 0 ... 76543  =      0.000 ...   298.996 secs...
['EEG Fp1-LE', 'EEG F3-LE', 'EEG C3-LE', 'EEG P3-LE', 'EEG O1-LE', 'EEG F7-LE', 'EEG T3-LE', 'EEG T5-LE', 'EEG Fz-LE', 'EEG Fp2-LE', 'EEG F4-LE', 'EEG C4-LE', 'EEG P4-LE', 'EEG O2-LE', 'EEG F8-LE', 'EEG T4-LE', 'EEG T6-LE', 'EEG Cz-LE', 'EEG Pz-LE', 'EEG A2-A1']
NOTE: pick_channels() is a legacy function. New code should use inst.pick(...).
['EEG Fp1-LE', 'EEG Fp2-LE', 'EEG F3-LE', 'EEG F4-LE', 'EEG C3-LE', 'EEG C4-LE', 'EEG P3-LE', 'EEG P4-LE', 'EEG O1-LE', 'EEG O2-LE', 'EEG F7-LE', 'EEG F8-LE', 'EEG T3-LE', 'EEG T4-LE', 'EEG T5-LE', 'EEG T6-LE', 'EEG Fz-LE', 'EEG Cz-LE', 'EEG Pz-LE']
Filtering raw data in 1 contiguous segment
Setting up band-pass filter from 0.3 - 75 Hz

FIR filter parameters
---------------------
Designing a one-pass, zero-phase, non-causal bandpass filter:
- Windowed time-domain design (firwin) method
- Hamming window with 0.0194 passband ripple and 53 dB stopband attenuation
- Lower passband edge: 0.30
- Lower transition bandwidth: 0.30 Hz (-6 dB cutoff frequency: 0.15 Hz)
- Upper passband edge: 75.00 Hz
- Upper transition bandwidth: 18.75 Hz (-6 dB cutoff frequency: 84.38 Hz)
- Filter length: 2201 samples (11.005 s)

Filtering raw data in 1 contiguous segment
Setting up band-stop filter from 49 - 51 Hz

FIR filter parameters
---------------------
Designing a one-pass, zero-phase, non-causal bandstop filter:
- Windowed time-domain design (firwin) method
- Hamming window with 0.0194 passband ripple and 53 dB stopband attenuation
- Lower passband edge: 49.38
- Lower transition bandwidth: 0.50 Hz (-6 dB cutoff frequency: 49.12 Hz)
- Upper passband edge: 50.62 Hz
- Upper transition bandwidth: 0.50 Hz (-6 dB cutoff frequency: 50.88 Hz)
- Filter length: 1321 samples (6.605 s)

(59800, 19)
800
(59, 19, 5, 200)
Extracting EDF parameters from /home/wkim/data/mumtaz/files/H S17 EC.edf...
Setting channel info structure...
Creating raw.info structure...
Reading 0 ... 79103  =      0.000 ...   308.996 secs...
['EEG Fp1-LE', 'EEG F3-LE', 'EEG C3-LE', 'EEG P3-LE', 'EEG O1-LE', 'EEG F7-LE', 'EEG T3-LE', 'EEG T5-LE', 'EEG Fz-LE', 'EEG Fp2-LE', 'EEG F4-LE', 'EEG C4-LE', 'EEG P4-LE', 'EEG O2-LE', 'EEG F8-LE', 'EEG T4-LE', 'EEG T6-LE', 'EEG Cz-LE', 'EEG Pz-LE', 'EEG A2-A1', 'EEG 23A-23R', 'EEG 24A-24R']
NOTE: pick_channels() is a legacy function. New code should use inst.pick(...).
['EEG Fp1-LE', 'EEG Fp2-LE', 'EEG F3-LE', 'EEG F4-LE', 'EEG C3-LE', 'EEG C4-LE', 'EEG P3-LE', 'EEG P4-LE', 'EEG O1-LE', 'EEG O2-LE', 'EEG F7-LE', 'EEG F8-LE', 'EEG T3-LE', 'EEG T4-LE', 'EEG T5-LE', 'EEG T6-LE', 'EEG Fz-LE', 'EEG Cz-LE', 'EEG Pz-LE']
Filtering raw data in 1 contiguous segment
Setting up band-pass filter from 0.3 - 75 Hz

FIR filter parameters
---------------------
Designing a one-pass, zero-phase, non-causal bandpass filter:
- Windowed time-domain design (firwin) method
- Hamming window with 0.0194 passband ripple and 53 dB stopband attenuation
- Lower passband edge: 0.30
- Lower transition bandwidth: 0.30 Hz (-6 dB cutoff frequency: 0.15 Hz)
- Upper passband edge: 75.00 Hz
- Upper transition bandwidth: 18.75 Hz (-6 dB cutoff frequency: 84.38 Hz)
- Filter length: 2201 samples (11.005 s)

Filtering raw data in 1 contiguous segment
Setting up band-stop filter from 49 - 51 Hz

FIR filter parameters
---------------------
Designing a one-pass, zero-phase, non-causal bandstop filter:
- Windowed time-domain design (firwin) method
- Hamming window with 0.0194 passband ripple and 53 dB stopband attenuation
- Lower passband edge: 49.38
- Lower transition bandwidth: 0.50 Hz (-6 dB cutoff frequency: 49.12 Hz)
- Upper passband edge: 50.62 Hz
- Upper transition bandwidth: 0.50 Hz (-6 dB cutoff frequency: 50.88 Hz)
- Filter length: 1321 samples (6.605 s)

(61800, 19)
800
(61, 19, 5, 200)
Extracting EDF parameters from /home/wkim/data/mumtaz/files/H S17 EO.edf...
Setting channel info structure...
Creating raw.info structure...
Reading 0 ... 77055  =      0.000 ...   300.996 secs...
['EEG Fp1-LE', 'EEG F3-LE', 'EEG C3-LE', 'EEG P3-LE', 'EEG O1-LE', 'EEG F7-LE', 'EEG T3-LE', 'EEG T5-LE', 'EEG Fz-LE', 'EEG Fp2-LE', 'EEG F4-LE', 'EEG C4-LE', 'EEG P4-LE', 'EEG O2-LE', 'EEG F8-LE', 'EEG T4-LE', 'EEG T6-LE', 'EEG Cz-LE', 'EEG Pz-LE', 'EEG A2-A1', 'EEG 23A-23R', 'EEG 24A-24R']
NOTE: pick_channels() is a legacy function. New code should use inst.pick(...).
['EEG Fp1-LE', 'EEG Fp2-LE', 'EEG F3-LE', 'EEG F4-LE', 'EEG C3-LE', 'EEG C4-LE', 'EEG P3-LE', 'EEG P4-LE', 'EEG O1-LE', 'EEG O2-LE', 'EEG F7-LE', 'EEG F8-LE', 'EEG T3-LE', 'EEG T4-LE', 'EEG T5-LE', 'EEG T6-LE', 'EEG Fz-LE', 'EEG Cz-LE', 'EEG Pz-LE']
Filtering raw data in 1 contiguous segment
Setting up band-pass filter from 0.3 - 75 Hz

FIR filter parameters
---------------------
Designing a one-pass, zero-phase, non-causal bandpass filter:
- Windowed time-domain design (firwin) method
- Hamming window with 0.0194 passband ripple and 53 dB stopband attenuation
- Lower passband edge: 0.30
- Lower transition bandwidth: 0.30 Hz (-6 dB cutoff frequency: 0.15 Hz)
- Upper passband edge: 75.00 Hz
- Upper transition bandwidth: 18.75 Hz (-6 dB cutoff frequency: 84.38 Hz)
- Filter length: 2201 samples (11.005 s)

Filtering raw data in 1 contiguous segment
Setting up band-stop filter from 49 - 51 Hz

FIR filter parameters
---------------------
Designing a one-pass, zero-phase, non-causal bandstop filter:
- Windowed time-domain design (firwin) method
- Hamming window with 0.0194 passband ripple and 53 dB stopband attenuation
- Lower passband edge: 49.38
- Lower transition bandwidth: 0.50 Hz (-6 dB cutoff frequency: 49.12 Hz)
- Upper passband edge: 50.62 Hz
- Upper transition bandwidth: 0.50 Hz (-6 dB cutoff frequency: 50.88 Hz)
- Filter length: 1321 samples (6.605 s)

(60200, 19)
200
(60, 19, 5, 200)
Extracting EDF parameters from /home/wkim/data/mumtaz/files/H S18 EO.edf...
Setting channel info structure...
Creating raw.info structure...
Reading 0 ... 77055  =      0.000 ...   300.996 secs...
['EEG Fp1-LE', 'EEG F3-LE', 'EEG C3-LE', 'EEG P3-LE', 'EEG O1-LE', 'EEG F7-LE', 'EEG T3-LE', 'EEG T5-LE', 'EEG Fz-LE', 'EEG Fp2-LE', 'EEG F4-LE', 'EEG C4-LE', 'EEG P4-LE', 'EEG O2-LE', 'EEG F8-LE', 'EEG T4-LE', 'EEG T6-LE', 'EEG Cz-LE', 'EEG Pz-LE', 'EEG A2-A1', 'EEG 23A-23R', 'EEG 24A-24R']
NOTE: pick_channels() is a legacy function. New code should use inst.pick(...).
['EEG Fp1-LE', 'EEG Fp2-LE', 'EEG F3-LE', 'EEG F4-LE', 'EEG C3-LE', 'EEG C4-LE', 'EEG P3-LE', 'EEG P4-LE', 'EEG O1-LE', 'EEG O2-LE', 'EEG F7-LE', 'EEG F8-LE', 'EEG T3-LE', 'EEG T4-LE', 'EEG T5-LE', 'EEG T6-LE', 'EEG Fz-LE', 'EEG Cz-LE', 'EEG Pz-LE']
Filtering raw data in 1 contiguous segment
Setting up band-pass filter from 0.3 - 75 Hz

FIR filter parameters
---------------------
Designing a one-pass, zero-phase, non-causal bandpass filter:
- Windowed time-domain design (firwin) method
- Hamming window with 0.0194 passband ripple and 53 dB stopband attenuation
- Lower passband edge: 0.30
- Lower transition bandwidth: 0.30 Hz (-6 dB cutoff frequency: 0.15 Hz)
- Upper passband edge: 75.00 Hz
- Upper transition bandwidth: 18.75 Hz (-6 dB cutoff frequency: 84.38 Hz)
- Filter length: 2201 samples (11.005 s)

Filtering raw data in 1 contiguous segment
Setting up band-stop filter from 49 - 51 Hz

FIR filter parameters
---------------------
Designing a one-pass, zero-phase, non-causal bandstop filter:
- Windowed time-domain design (firwin) method
- Hamming window with 0.0194 passband ripple and 53 dB stopband attenuation
- Lower passband edge: 49.38
- Lower transition bandwidth: 0.50 Hz (-6 dB cutoff frequency: 49.12 Hz)
- Upper passband edge: 50.62 Hz
- Upper transition bandwidth: 0.50 Hz (-6 dB cutoff frequency: 50.88 Hz)
- Filter length: 1321 samples (6.605 s)

(60200, 19)
200
(60, 19, 5, 200)
Extracting EDF parameters from /home/wkim/data/mumtaz/files/H S19 EC.edf...
Setting channel info structure...
Creating raw.info structure...
Reading 0 ... 76799  =      0.000 ...   299.996 secs...
['EEG Fp1-LE', 'EEG F3-LE', 'EEG C3-LE', 'EEG P3-LE', 'EEG O1-LE', 'EEG F7-LE', 'EEG T3-LE', 'EEG T5-LE', 'EEG Fz-LE', 'EEG Fp2-LE', 'EEG F4-LE', 'EEG C4-LE', 'EEG P4-LE', 'EEG O2-LE', 'EEG F8-LE', 'EEG T4-LE', 'EEG T6-LE', 'EEG Cz-LE', 'EEG Pz-LE', 'EEG A2-A1', 'EEG 23A-23R', 'EEG 24A-24R']
NOTE: pick_channels() is a legacy function. New code should use inst.pick(...).
['EEG Fp1-LE', 'EEG Fp2-LE', 'EEG F3-LE', 'EEG F4-LE', 'EEG C3-LE', 'EEG C4-LE', 'EEG P3-LE', 'EEG P4-LE', 'EEG O1-LE', 'EEG O2-LE', 'EEG F7-LE', 'EEG F8-LE', 'EEG T3-LE', 'EEG T4-LE', 'EEG T5-LE', 'EEG T6-LE', 'EEG Fz-LE', 'EEG Cz-LE', 'EEG Pz-LE']
Filtering raw data in 1 contiguous segment
Setting up band-pass filter from 0.3 - 75 Hz

FIR filter parameters
---------------------
Designing a one-pass, zero-phase, non-causal bandpass filter:
- Windowed time-domain design (firwin) method
- Hamming window with 0.0194 passband ripple and 53 dB stopband attenuation
- Lower passband edge: 0.30
- Lower transition bandwidth: 0.30 Hz (-6 dB cutoff frequency: 0.15 Hz)
- Upper passband edge: 75.00 Hz
- Upper transition bandwidth: 18.75 Hz (-6 dB cutoff frequency: 84.38 Hz)
- Filter length: 2201 samples (11.005 s)

Filtering raw data in 1 contiguous segment
Setting up band-stop filter from 49 - 51 Hz

FIR filter parameters
---------------------
Designing a one-pass, zero-phase, non-causal bandstop filter:
- Windowed time-domain design (firwin) method
- Hamming window with 0.0194 passband ripple and 53 dB stopband attenuation
- Lower passband edge: 49.38
- Lower transition bandwidth: 0.50 Hz (-6 dB cutoff frequency: 49.12 Hz)
- Upper passband edge: 50.62 Hz
- Upper transition bandwidth: 0.50 Hz (-6 dB cutoff frequency: 50.88 Hz)
- Filter length: 1321 samples (6.605 s)

(60000, 19)
0
(60, 19, 5, 200)
Extracting EDF parameters from /home/wkim/data/mumtaz/files/H S19 EO.edf...
Setting channel info structure...
Creating raw.info structure...
Reading 0 ... 77055  =      0.000 ...   300.996 secs...
['EEG Fp1-LE', 'EEG F3-LE', 'EEG C3-LE', 'EEG P3-LE', 'EEG O1-LE', 'EEG F7-LE', 'EEG T3-LE', 'EEG T5-LE', 'EEG Fz-LE', 'EEG Fp2-LE', 'EEG F4-LE', 'EEG C4-LE', 'EEG P4-LE', 'EEG O2-LE', 'EEG F8-LE', 'EEG T4-LE', 'EEG T6-LE', 'EEG Cz-LE', 'EEG Pz-LE', 'EEG A2-A1', 'EEG 23A-23R', 'EEG 24A-24R']
NOTE: pick_channels() is a legacy function. New code should use inst.pick(...).
['EEG Fp1-LE', 'EEG Fp2-LE', 'EEG F3-LE', 'EEG F4-LE', 'EEG C3-LE', 'EEG C4-LE', 'EEG P3-LE', 'EEG P4-LE', 'EEG O1-LE', 'EEG O2-LE', 'EEG F7-LE', 'EEG F8-LE', 'EEG T3-LE', 'EEG T4-LE', 'EEG T5-LE', 'EEG T6-LE', 'EEG Fz-LE', 'EEG Cz-LE', 'EEG Pz-LE']
Filtering raw data in 1 contiguous segment
Setting up band-pass filter from 0.3 - 75 Hz

FIR filter parameters
---------------------
Designing a one-pass, zero-phase, non-causal bandpass filter:
- Windowed time-domain design (firwin) method
- Hamming window with 0.0194 passband ripple and 53 dB stopband attenuation
- Lower passband edge: 0.30
- Lower transition bandwidth: 0.30 Hz (-6 dB cutoff frequency: 0.15 Hz)
- Upper passband edge: 75.00 Hz
- Upper transition bandwidth: 18.75 Hz (-6 dB cutoff frequency: 84.38 Hz)
- Filter length: 2201 samples (11.005 s)

Filtering raw data in 1 contiguous segment
Setting up band-stop filter from 49 - 51 Hz

FIR filter parameters
---------------------
Designing a one-pass, zero-phase, non-causal bandstop filter:
- Windowed time-domain design (firwin) method
- Hamming window with 0.0194 passband ripple and 53 dB stopband attenuation
- Lower passband edge: 49.38
- Lower transition bandwidth: 0.50 Hz (-6 dB cutoff frequency: 49.12 Hz)
- Upper passband edge: 50.62 Hz
- Upper transition bandwidth: 0.50 Hz (-6 dB cutoff frequency: 50.88 Hz)
- Filter length: 1321 samples (6.605 s)

(60200, 19)
200
(60, 19, 5, 200)
Extracting EDF parameters from /home/wkim/data/mumtaz/files/H S2 EC.edf...
Setting channel info structure...
Creating raw.info structure...
Reading 0 ... 77311  =      0.000 ...   301.996 secs...
['EEG Fp1-LE', 'EEG F3-LE', 'EEG C3-LE', 'EEG P3-LE', 'EEG O1-LE', 'EEG F7-LE', 'EEG T3-LE', 'EEG T5-LE', 'EEG Fz-LE', 'EEG Fp2-LE', 'EEG F4-LE', 'EEG C4-LE', 'EEG P4-LE', 'EEG O2-LE', 'EEG F8-LE', 'EEG T4-LE', 'EEG T6-LE', 'EEG Cz-LE', 'EEG Pz-LE', 'EEG A2-A1']
NOTE: pick_channels() is a legacy function. New code should use inst.pick(...).
['EEG Fp1-LE', 'EEG Fp2-LE', 'EEG F3-LE', 'EEG F4-LE', 'EEG C3-LE', 'EEG C4-LE', 'EEG P3-LE', 'EEG P4-LE', 'EEG O1-LE', 'EEG O2-LE', 'EEG F7-LE', 'EEG F8-LE', 'EEG T3-LE', 'EEG T4-LE', 'EEG T5-LE', 'EEG T6-LE', 'EEG Fz-LE', 'EEG Cz-LE', 'EEG Pz-LE']
Filtering raw data in 1 contiguous segment
Setting up band-pass filter from 0.3 - 75 Hz

FIR filter parameters
---------------------
Designing a one-pass, zero-phase, non-causal bandpass filter:
- Windowed time-domain design (firwin) method
- Hamming window with 0.0194 passband ripple and 53 dB stopband attenuation
- Lower passband edge: 0.30
- Lower transition bandwidth: 0.30 Hz (-6 dB cutoff frequency: 0.15 Hz)
- Upper passband edge: 75.00 Hz
- Upper transition bandwidth: 18.75 Hz (-6 dB cutoff frequency: 84.38 Hz)
- Filter length: 2201 samples (11.005 s)

Filtering raw data in 1 contiguous segment
Setting up band-stop filter from 49 - 51 Hz

FIR filter parameters
---------------------
Designing a one-pass, zero-phase, non-causal bandstop filter:
- Windowed time-domain design (firwin) method
- Hamming window with 0.0194 passband ripple and 53 dB stopband attenuation
- Lower passband edge: 49.38
- Lower transition bandwidth: 0.50 Hz (-6 dB cutoff frequency: 49.12 Hz)
- Upper passband edge: 50.62 Hz
- Upper transition bandwidth: 0.50 Hz (-6 dB cutoff frequency: 50.88 Hz)
- Filter length: 1321 samples (6.605 s)

(60400, 19)
400
(60, 19, 5, 200)
Extracting EDF parameters from /home/wkim/data/mumtaz/files/H S2 EO.edf...
Setting channel info structure...
Creating raw.info structure...
Reading 0 ... 77311  =      0.000 ...   301.996 secs...
['EEG Fp1-LE', 'EEG F3-LE', 'EEG C3-LE', 'EEG P3-LE', 'EEG O1-LE', 'EEG F7-LE', 'EEG T3-LE', 'EEG T5-LE', 'EEG Fz-LE', 'EEG Fp2-LE', 'EEG F4-LE', 'EEG C4-LE', 'EEG P4-LE', 'EEG O2-LE', 'EEG F8-LE', 'EEG T4-LE', 'EEG T6-LE', 'EEG Cz-LE', 'EEG Pz-LE', 'EEG A2-A1']
NOTE: pick_channels() is a legacy function. New code should use inst.pick(...).
['EEG Fp1-LE', 'EEG Fp2-LE', 'EEG F3-LE', 'EEG F4-LE', 'EEG C3-LE', 'EEG C4-LE', 'EEG P3-LE', 'EEG P4-LE', 'EEG O1-LE', 'EEG O2-LE', 'EEG F7-LE', 'EEG F8-LE', 'EEG T3-LE', 'EEG T4-LE', 'EEG T5-LE', 'EEG T6-LE', 'EEG Fz-LE', 'EEG Cz-LE', 'EEG Pz-LE']
Filtering raw data in 1 contiguous segment
Setting up band-pass filter from 0.3 - 75 Hz

FIR filter parameters
---------------------
Designing a one-pass, zero-phase, non-causal bandpass filter:
- Windowed time-domain design (firwin) method
- Hamming window with 0.0194 passband ripple and 53 dB stopband attenuation
- Lower passband edge: 0.30
- Lower transition bandwidth: 0.30 Hz (-6 dB cutoff frequency: 0.15 Hz)
- Upper passband edge: 75.00 Hz
- Upper transition bandwidth: 18.75 Hz (-6 dB cutoff frequency: 84.38 Hz)
- Filter length: 2201 samples (11.005 s)

Filtering raw data in 1 contiguous segment
Setting up band-stop filter from 49 - 51 Hz

FIR filter parameters
---------------------
Designing a one-pass, zero-phase, non-causal bandstop filter:
- Windowed time-domain design (firwin) method
- Hamming window with 0.0194 passband ripple and 53 dB stopband attenuation
- Lower passband edge: 49.38
- Lower transition bandwidth: 0.50 Hz (-6 dB cutoff frequency: 49.12 Hz)
- Upper passband edge: 50.62 Hz
- Upper transition bandwidth: 0.50 Hz (-6 dB cutoff frequency: 50.88 Hz)
- Filter length: 1321 samples (6.605 s)

(60400, 19)
400
(60, 19, 5, 200)
Extracting EDF parameters from /home/wkim/data/mumtaz/files/H S20 EC.edf...
Setting channel info structure...
Creating raw.info structure...
Reading 0 ... 78591  =      0.000 ...   306.996 secs...
['EEG Fp1-LE', 'EEG F3-LE', 'EEG C3-LE', 'EEG P3-LE', 'EEG O1-LE', 'EEG F7-LE', 'EEG T3-LE', 'EEG T5-LE', 'EEG Fz-LE', 'EEG Fp2-LE', 'EEG F4-LE', 'EEG C4-LE', 'EEG P4-LE', 'EEG O2-LE', 'EEG F8-LE', 'EEG T4-LE', 'EEG T6-LE', 'EEG Cz-LE', 'EEG Pz-LE', 'EEG A2-A1', 'EEG 23A-23R', 'EEG 24A-24R']
NOTE: pick_channels() is a legacy function. New code should use inst.pick(...).
['EEG Fp1-LE', 'EEG Fp2-LE', 'EEG F3-LE', 'EEG F4-LE', 'EEG C3-LE', 'EEG C4-LE', 'EEG P3-LE', 'EEG P4-LE', 'EEG O1-LE', 'EEG O2-LE', 'EEG F7-LE', 'EEG F8-LE', 'EEG T3-LE', 'EEG T4-LE', 'EEG T5-LE', 'EEG T6-LE', 'EEG Fz-LE', 'EEG Cz-LE', 'EEG Pz-LE']
Filtering raw data in 1 contiguous segment
Setting up band-pass filter from 0.3 - 75 Hz

FIR filter parameters
---------------------
Designing a one-pass, zero-phase, non-causal bandpass filter:
- Windowed time-domain design (firwin) method
- Hamming window with 0.0194 passband ripple and 53 dB stopband attenuation
- Lower passband edge: 0.30
- Lower transition bandwidth: 0.30 Hz (-6 dB cutoff frequency: 0.15 Hz)
- Upper passband edge: 75.00 Hz
- Upper transition bandwidth: 18.75 Hz (-6 dB cutoff frequency: 84.38 Hz)
- Filter length: 2201 samples (11.005 s)

Filtering raw data in 1 contiguous segment
Setting up band-stop filter from 49 - 51 Hz

FIR filter parameters
---------------------
Designing a one-pass, zero-phase, non-causal bandstop filter:
- Windowed time-domain design (firwin) method
- Hamming window with 0.0194 passband ripple and 53 dB stopband attenuation
- Lower passband edge: 49.38
- Lower transition bandwidth: 0.50 Hz (-6 dB cutoff frequency: 49.12 Hz)
- Upper passband edge: 50.62 Hz
- Upper transition bandwidth: 0.50 Hz (-6 dB cutoff frequency: 50.88 Hz)
- Filter length: 1321 samples (6.605 s)

(61400, 19)
400
(61, 19, 5, 200)
Extracting EDF parameters from /home/wkim/data/mumtaz/files/H S20 EO.edf...
Setting channel info structure...
Creating raw.info structure...
Reading 0 ... 81919  =      0.000 ...   319.996 secs...
['EEG Fp1-LE', 'EEG F3-LE', 'EEG C3-LE', 'EEG P3-LE', 'EEG O1-LE', 'EEG F7-LE', 'EEG T3-LE', 'EEG T5-LE', 'EEG Fz-LE', 'EEG Fp2-LE', 'EEG F4-LE', 'EEG C4-LE', 'EEG P4-LE', 'EEG O2-LE', 'EEG F8-LE', 'EEG T4-LE', 'EEG T6-LE', 'EEG Cz-LE', 'EEG Pz-LE', 'EEG A2-A1', 'EEG 23A-23R', 'EEG 24A-24R']
NOTE: pick_channels() is a legacy function. New code should use inst.pick(...).
['EEG Fp1-LE', 'EEG Fp2-LE', 'EEG F3-LE', 'EEG F4-LE', 'EEG C3-LE', 'EEG C4-LE', 'EEG P3-LE', 'EEG P4-LE', 'EEG O1-LE', 'EEG O2-LE', 'EEG F7-LE', 'EEG F8-LE', 'EEG T3-LE', 'EEG T4-LE', 'EEG T5-LE', 'EEG T6-LE', 'EEG Fz-LE', 'EEG Cz-LE', 'EEG Pz-LE']
Filtering raw data in 1 contiguous segment
Setting up band-pass filter from 0.3 - 75 Hz

FIR filter parameters
---------------------
Designing a one-pass, zero-phase, non-causal bandpass filter:
- Windowed time-domain design (firwin) method
- Hamming window with 0.0194 passband ripple and 53 dB stopband attenuation
- Lower passband edge: 0.30
- Lower transition bandwidth: 0.30 Hz (-6 dB cutoff frequency: 0.15 Hz)
- Upper passband edge: 75.00 Hz
- Upper transition bandwidth: 18.75 Hz (-6 dB cutoff frequency: 84.38 Hz)
- Filter length: 2201 samples (11.005 s)

Filtering raw data in 1 contiguous segment
Setting up band-stop filter from 49 - 51 Hz

FIR filter parameters
---------------------
Designing a one-pass, zero-phase, non-causal bandstop filter:
- Windowed time-domain design (firwin) method
- Hamming window with 0.0194 passband ripple and 53 dB stopband attenuation
- Lower passband edge: 49.38
- Lower transition bandwidth: 0.50 Hz (-6 dB cutoff frequency: 49.12 Hz)
- Upper passband edge: 50.62 Hz
- Upper transition bandwidth: 0.50 Hz (-6 dB cutoff frequency: 50.88 Hz)
- Filter length: 1321 samples (6.605 s)

(64000, 19)
0
(64, 19, 5, 200)
Extracting EDF parameters from /home/wkim/data/mumtaz/files/H S21 EC.edf...
Setting channel info structure...
Creating raw.info structure...
Reading 0 ... 77055  =      0.000 ...   300.996 secs...
['EEG Fp1-LE', 'EEG F3-LE', 'EEG C3-LE', 'EEG P3-LE', 'EEG O1-LE', 'EEG F7-LE', 'EEG T3-LE', 'EEG T5-LE', 'EEG Fz-LE', 'EEG Fp2-LE', 'EEG F4-LE', 'EEG C4-LE', 'EEG P4-LE', 'EEG O2-LE', 'EEG F8-LE', 'EEG T4-LE', 'EEG T6-LE', 'EEG Cz-LE', 'EEG Pz-LE', 'EEG A2-A1', 'EEG 23A-23R', 'EEG 24A-24R']
NOTE: pick_channels() is a legacy function. New code should use inst.pick(...).
['EEG Fp1-LE', 'EEG Fp2-LE', 'EEG F3-LE', 'EEG F4-LE', 'EEG C3-LE', 'EEG C4-LE', 'EEG P3-LE', 'EEG P4-LE', 'EEG O1-LE', 'EEG O2-LE', 'EEG F7-LE', 'EEG F8-LE', 'EEG T3-LE', 'EEG T4-LE', 'EEG T5-LE', 'EEG T6-LE', 'EEG Fz-LE', 'EEG Cz-LE', 'EEG Pz-LE']
Filtering raw data in 1 contiguous segment
Setting up band-pass filter from 0.3 - 75 Hz

FIR filter parameters
---------------------
Designing a one-pass, zero-phase, non-causal bandpass filter:
- Windowed time-domain design (firwin) method
- Hamming window with 0.0194 passband ripple and 53 dB stopband attenuation
- Lower passband edge: 0.30
- Lower transition bandwidth: 0.30 Hz (-6 dB cutoff frequency: 0.15 Hz)
- Upper passband edge: 75.00 Hz
- Upper transition bandwidth: 18.75 Hz (-6 dB cutoff frequency: 84.38 Hz)
- Filter length: 2201 samples (11.005 s)

Filtering raw data in 1 contiguous segment
Setting up band-stop filter from 49 - 51 Hz

FIR filter parameters
---------------------
Designing a one-pass, zero-phase, non-causal bandstop filter:
- Windowed time-domain design (firwin) method
- Hamming window with 0.0194 passband ripple and 53 dB stopband attenuation
- Lower passband edge: 49.38
- Lower transition bandwidth: 0.50 Hz (-6 dB cutoff frequency: 49.12 Hz)
- Upper passband edge: 50.62 Hz
- Upper transition bandwidth: 0.50 Hz (-6 dB cutoff frequency: 50.88 Hz)
- Filter length: 1321 samples (6.605 s)

(60200, 19)
200
(60, 19, 5, 200)
Extracting EDF parameters from /home/wkim/data/mumtaz/files/H S21 EO.edf...
Setting channel info structure...
Creating raw.info structure...
Reading 0 ... 78079  =      0.000 ...   304.996 secs...
['EEG Fp1-LE', 'EEG F3-LE', 'EEG C3-LE', 'EEG P3-LE', 'EEG O1-LE', 'EEG F7-LE', 'EEG T3-LE', 'EEG T5-LE', 'EEG Fz-LE', 'EEG Fp2-LE', 'EEG F4-LE', 'EEG C4-LE', 'EEG P4-LE', 'EEG O2-LE', 'EEG F8-LE', 'EEG T4-LE', 'EEG T6-LE', 'EEG Cz-LE', 'EEG Pz-LE', 'EEG A2-A1', 'EEG 23A-23R', 'EEG 24A-24R']
NOTE: pick_channels() is a legacy function. New code should use inst.pick(...).
['EEG Fp1-LE', 'EEG Fp2-LE', 'EEG F3-LE', 'EEG F4-LE', 'EEG C3-LE', 'EEG C4-LE', 'EEG P3-LE', 'EEG P4-LE', 'EEG O1-LE', 'EEG O2-LE', 'EEG F7-LE', 'EEG F8-LE', 'EEG T3-LE', 'EEG T4-LE', 'EEG T5-LE', 'EEG T6-LE', 'EEG Fz-LE', 'EEG Cz-LE', 'EEG Pz-LE']
Filtering raw data in 1 contiguous segment
Setting up band-pass filter from 0.3 - 75 Hz

FIR filter parameters
---------------------
Designing a one-pass, zero-phase, non-causal bandpass filter:
- Windowed time-domain design (firwin) method
- Hamming window with 0.0194 passband ripple and 53 dB stopband attenuation
- Lower passband edge: 0.30
- Lower transition bandwidth: 0.30 Hz (-6 dB cutoff frequency: 0.15 Hz)
- Upper passband edge: 75.00 Hz
- Upper transition bandwidth: 18.75 Hz (-6 dB cutoff frequency: 84.38 Hz)
- Filter length: 2201 samples (11.005 s)

Filtering raw data in 1 contiguous segment
Setting up band-stop filter from 49 - 51 Hz

FIR filter parameters
---------------------
Designing a one-pass, zero-phase, non-causal bandstop filter:
- Windowed time-domain design (firwin) method
- Hamming window with 0.0194 passband ripple and 53 dB stopband attenuation
- Lower passband edge: 49.38
- Lower transition bandwidth: 0.50 Hz (-6 dB cutoff frequency: 49.12 Hz)
- Upper passband edge: 50.62 Hz
- Upper transition bandwidth: 0.50 Hz (-6 dB cutoff frequency: 50.88 Hz)
- Filter length: 1321 samples (6.605 s)

(61000, 19)
0
(61, 19, 5, 200)
Extracting EDF parameters from /home/wkim/data/mumtaz/files/H S22 EC.edf...
Setting channel info structure...
Creating raw.info structure...
Reading 0 ... 77055  =      0.000 ...   300.996 secs...
['EEG Fp1-LE', 'EEG F3-LE', 'EEG C3-LE', 'EEG P3-LE', 'EEG O1-LE', 'EEG F7-LE', 'EEG T3-LE', 'EEG T5-LE', 'EEG Fz-LE', 'EEG Fp2-LE', 'EEG F4-LE', 'EEG C4-LE', 'EEG P4-LE', 'EEG O2-LE', 'EEG F8-LE', 'EEG T4-LE', 'EEG T6-LE', 'EEG Cz-LE', 'EEG Pz-LE', 'EEG A2-A1', 'EEG 23A-23R', 'EEG 24A-24R']
NOTE: pick_channels() is a legacy function. New code should use inst.pick(...).
['EEG Fp1-LE', 'EEG Fp2-LE', 'EEG F3-LE', 'EEG F4-LE', 'EEG C3-LE', 'EEG C4-LE', 'EEG P3-LE', 'EEG P4-LE', 'EEG O1-LE', 'EEG O2-LE', 'EEG F7-LE', 'EEG F8-LE', 'EEG T3-LE', 'EEG T4-LE', 'EEG T5-LE', 'EEG T6-LE', 'EEG Fz-LE', 'EEG Cz-LE', 'EEG Pz-LE']
Filtering raw data in 1 contiguous segment
Setting up band-pass filter from 0.3 - 75 Hz

FIR filter parameters
---------------------
Designing a one-pass, zero-phase, non-causal bandpass filter:
- Windowed time-domain design (firwin) method
- Hamming window with 0.0194 passband ripple and 53 dB stopband attenuation
- Lower passband edge: 0.30
- Lower transition bandwidth: 0.30 Hz (-6 dB cutoff frequency: 0.15 Hz)
- Upper passband edge: 75.00 Hz
- Upper transition bandwidth: 18.75 Hz (-6 dB cutoff frequency: 84.38 Hz)
- Filter length: 2201 samples (11.005 s)

Filtering raw data in 1 contiguous segment
Setting up band-stop filter from 49 - 51 Hz

FIR filter parameters
---------------------
Designing a one-pass, zero-phase, non-causal bandstop filter:
- Windowed time-domain design (firwin) method
- Hamming window with 0.0194 passband ripple and 53 dB stopband attenuation
- Lower passband edge: 49.38
- Lower transition bandwidth: 0.50 Hz (-6 dB cutoff frequency: 49.12 Hz)
- Upper passband edge: 50.62 Hz
- Upper transition bandwidth: 0.50 Hz (-6 dB cutoff frequency: 50.88 Hz)
- Filter length: 1321 samples (6.605 s)

(60200, 19)
200
(60, 19, 5, 200)
Extracting EDF parameters from /home/wkim/data/mumtaz/files/H S22 EO.edf...
Setting channel info structure...
Creating raw.info structure...
Reading 0 ... 76543  =      0.000 ...   298.996 secs...
['EEG Fp1-LE', 'EEG F3-LE', 'EEG C3-LE', 'EEG P3-LE', 'EEG O1-LE', 'EEG F7-LE', 'EEG T3-LE', 'EEG T5-LE', 'EEG Fz-LE', 'EEG Fp2-LE', 'EEG F4-LE', 'EEG C4-LE', 'EEG P4-LE', 'EEG O2-LE', 'EEG F8-LE', 'EEG T4-LE', 'EEG T6-LE', 'EEG Cz-LE', 'EEG Pz-LE', 'EEG A2-A1', 'EEG 23A-23R', 'EEG 24A-24R']
NOTE: pick_channels() is a legacy function. New code should use inst.pick(...).
['EEG Fp1-LE', 'EEG Fp2-LE', 'EEG F3-LE', 'EEG F4-LE', 'EEG C3-LE', 'EEG C4-LE', 'EEG P3-LE', 'EEG P4-LE', 'EEG O1-LE', 'EEG O2-LE', 'EEG F7-LE', 'EEG F8-LE', 'EEG T3-LE', 'EEG T4-LE', 'EEG T5-LE', 'EEG T6-LE', 'EEG Fz-LE', 'EEG Cz-LE', 'EEG Pz-LE']
Filtering raw data in 1 contiguous segment
Setting up band-pass filter from 0.3 - 75 Hz

FIR filter parameters
---------------------
Designing a one-pass, zero-phase, non-causal bandpass filter:
- Windowed time-domain design (firwin) method
- Hamming window with 0.0194 passband ripple and 53 dB stopband attenuation
- Lower passband edge: 0.30
- Lower transition bandwidth: 0.30 Hz (-6 dB cutoff frequency: 0.15 Hz)
- Upper passband edge: 75.00 Hz
- Upper transition bandwidth: 18.75 Hz (-6 dB cutoff frequency: 84.38 Hz)
- Filter length: 2201 samples (11.005 s)

Filtering raw data in 1 contiguous segment
Setting up band-stop filter from 49 - 51 Hz

FIR filter parameters
---------------------
Designing a one-pass, zero-phase, non-causal bandstop filter:
- Windowed time-domain design (firwin) method
- Hamming window with 0.0194 passband ripple and 53 dB stopband attenuation
- Lower passband edge: 49.38
- Lower transition bandwidth: 0.50 Hz (-6 dB cutoff frequency: 49.12 Hz)
- Upper passband edge: 50.62 Hz
- Upper transition bandwidth: 0.50 Hz (-6 dB cutoff frequency: 50.88 Hz)
- Filter length: 1321 samples (6.605 s)

(59800, 19)
800
(59, 19, 5, 200)
Extracting EDF parameters from /home/wkim/data/mumtaz/files/H S23 EC.edf...
Setting channel info structure...
Creating raw.info structure...
Reading 0 ... 77311  =      0.000 ...   301.996 secs...
['EEG Fp1-LE', 'EEG F3-LE', 'EEG C3-LE', 'EEG P3-LE', 'EEG O1-LE', 'EEG F7-LE', 'EEG T3-LE', 'EEG T5-LE', 'EEG Fz-LE', 'EEG Fp2-LE', 'EEG F4-LE', 'EEG C4-LE', 'EEG P4-LE', 'EEG O2-LE', 'EEG F8-LE', 'EEG T4-LE', 'EEG T6-LE', 'EEG Cz-LE', 'EEG Pz-LE', 'EEG A2-A1', 'EEG 23A-23R', 'EEG 24A-24R']
NOTE: pick_channels() is a legacy function. New code should use inst.pick(...).
['EEG Fp1-LE', 'EEG Fp2-LE', 'EEG F3-LE', 'EEG F4-LE', 'EEG C3-LE', 'EEG C4-LE', 'EEG P3-LE', 'EEG P4-LE', 'EEG O1-LE', 'EEG O2-LE', 'EEG F7-LE', 'EEG F8-LE', 'EEG T3-LE', 'EEG T4-LE', 'EEG T5-LE', 'EEG T6-LE', 'EEG Fz-LE', 'EEG Cz-LE', 'EEG Pz-LE']
Filtering raw data in 1 contiguous segment
Setting up band-pass filter from 0.3 - 75 Hz

FIR filter parameters
---------------------
Designing a one-pass, zero-phase, non-causal bandpass filter:
- Windowed time-domain design (firwin) method
- Hamming window with 0.0194 passband ripple and 53 dB stopband attenuation
- Lower passband edge: 0.30
- Lower transition bandwidth: 0.30 Hz (-6 dB cutoff frequency: 0.15 Hz)
- Upper passband edge: 75.00 Hz
- Upper transition bandwidth: 18.75 Hz (-6 dB cutoff frequency: 84.38 Hz)
- Filter length: 2201 samples (11.005 s)

Filtering raw data in 1 contiguous segment
Setting up band-stop filter from 49 - 51 Hz

FIR filter parameters
---------------------
Designing a one-pass, zero-phase, non-causal bandstop filter:
- Windowed time-domain design (firwin) method
- Hamming window with 0.0194 passband ripple and 53 dB stopband attenuation
- Lower passband edge: 49.38
- Lower transition bandwidth: 0.50 Hz (-6 dB cutoff frequency: 49.12 Hz)
- Upper passband edge: 50.62 Hz
- Upper transition bandwidth: 0.50 Hz (-6 dB cutoff frequency: 50.88 Hz)
- Filter length: 1321 samples (6.605 s)

(60400, 19)
400
(60, 19, 5, 200)
Extracting EDF parameters from /home/wkim/data/mumtaz/files/H S23 EO.edf...
Setting channel info structure...
Creating raw.info structure...
Reading 0 ... 77311  =      0.000 ...   301.996 secs...
['EEG Fp1-LE', 'EEG F3-LE', 'EEG C3-LE', 'EEG P3-LE', 'EEG O1-LE', 'EEG F7-LE', 'EEG T3-LE', 'EEG T5-LE', 'EEG Fz-LE', 'EEG Fp2-LE', 'EEG F4-LE', 'EEG C4-LE', 'EEG P4-LE', 'EEG O2-LE', 'EEG F8-LE', 'EEG T4-LE', 'EEG T6-LE', 'EEG Cz-LE', 'EEG Pz-LE', 'EEG A2-A1', 'EEG 23A-23R', 'EEG 24A-24R']
NOTE: pick_channels() is a legacy function. New code should use inst.pick(...).
['EEG Fp1-LE', 'EEG Fp2-LE', 'EEG F3-LE', 'EEG F4-LE', 'EEG C3-LE', 'EEG C4-LE', 'EEG P3-LE', 'EEG P4-LE', 'EEG O1-LE', 'EEG O2-LE', 'EEG F7-LE', 'EEG F8-LE', 'EEG T3-LE', 'EEG T4-LE', 'EEG T5-LE', 'EEG T6-LE', 'EEG Fz-LE', 'EEG Cz-LE', 'EEG Pz-LE']
Filtering raw data in 1 contiguous segment
Setting up band-pass filter from 0.3 - 75 Hz

FIR filter parameters
---------------------
Designing a one-pass, zero-phase, non-causal bandpass filter:
- Windowed time-domain design (firwin) method
- Hamming window with 0.0194 passband ripple and 53 dB stopband attenuation
- Lower passband edge: 0.30
- Lower transition bandwidth: 0.30 Hz (-6 dB cutoff frequency: 0.15 Hz)
- Upper passband edge: 75.00 Hz
- Upper transition bandwidth: 18.75 Hz (-6 dB cutoff frequency: 84.38 Hz)
- Filter length: 2201 samples (11.005 s)

Filtering raw data in 1 contiguous segment
Setting up band-stop filter from 49 - 51 Hz

FIR filter parameters
---------------------
Designing a one-pass, zero-phase, non-causal bandstop filter:
- Windowed time-domain design (firwin) method
- Hamming window with 0.0194 passband ripple and 53 dB stopband attenuation
- Lower passband edge: 49.38
- Lower transition bandwidth: 0.50 Hz (-6 dB cutoff frequency: 49.12 Hz)
- Upper passband edge: 50.62 Hz
- Upper transition bandwidth: 0.50 Hz (-6 dB cutoff frequency: 50.88 Hz)
- Filter length: 1321 samples (6.605 s)

(60400, 19)
400
(60, 19, 5, 200)
Extracting EDF parameters from /home/wkim/data/mumtaz/files/H S24 EC.edf...
Setting channel info structure...
Creating raw.info structure...
Reading 0 ... 76543  =      0.000 ...   298.996 secs...
['EEG Fp1-LE', 'EEG F3-LE', 'EEG C3-LE', 'EEG P3-LE', 'EEG O1-LE', 'EEG F7-LE', 'EEG T3-LE', 'EEG T5-LE', 'EEG Fz-LE', 'EEG Fp2-LE', 'EEG F4-LE', 'EEG C4-LE', 'EEG P4-LE', 'EEG O2-LE', 'EEG F8-LE', 'EEG T4-LE', 'EEG T6-LE', 'EEG Cz-LE', 'EEG Pz-LE', 'EEG A2-A1']
NOTE: pick_channels() is a legacy function. New code should use inst.pick(...).
['EEG Fp1-LE', 'EEG Fp2-LE', 'EEG F3-LE', 'EEG F4-LE', 'EEG C3-LE', 'EEG C4-LE', 'EEG P3-LE', 'EEG P4-LE', 'EEG O1-LE', 'EEG O2-LE', 'EEG F7-LE', 'EEG F8-LE', 'EEG T3-LE', 'EEG T4-LE', 'EEG T5-LE', 'EEG T6-LE', 'EEG Fz-LE', 'EEG Cz-LE', 'EEG Pz-LE']
Filtering raw data in 1 contiguous segment
Setting up band-pass filter from 0.3 - 75 Hz

FIR filter parameters
---------------------
Designing a one-pass, zero-phase, non-causal bandpass filter:
- Windowed time-domain design (firwin) method
- Hamming window with 0.0194 passband ripple and 53 dB stopband attenuation
- Lower passband edge: 0.30
- Lower transition bandwidth: 0.30 Hz (-6 dB cutoff frequency: 0.15 Hz)
- Upper passband edge: 75.00 Hz
- Upper transition bandwidth: 18.75 Hz (-6 dB cutoff frequency: 84.38 Hz)
- Filter length: 2201 samples (11.005 s)

Filtering raw data in 1 contiguous segment
Setting up band-stop filter from 49 - 51 Hz

FIR filter parameters
---------------------
Designing a one-pass, zero-phase, non-causal bandstop filter:
- Windowed time-domain design (firwin) method
- Hamming window with 0.0194 passband ripple and 53 dB stopband attenuation
- Lower passband edge: 49.38
- Lower transition bandwidth: 0.50 Hz (-6 dB cutoff frequency: 49.12 Hz)
- Upper passband edge: 50.62 Hz
- Upper transition bandwidth: 0.50 Hz (-6 dB cutoff frequency: 50.88 Hz)
- Filter length: 1321 samples (6.605 s)

(59800, 19)
800
(59, 19, 5, 200)
Extracting EDF parameters from /home/wkim/data/mumtaz/files/H S24 EO.edf...
Setting channel info structure...
Creating raw.info structure...
Reading 0 ... 76031  =      0.000 ...   296.996 secs...
['EEG Fp1-LE', 'EEG F3-LE', 'EEG C3-LE', 'EEG P3-LE', 'EEG O1-LE', 'EEG F7-LE', 'EEG T3-LE', 'EEG T5-LE', 'EEG Fz-LE', 'EEG Fp2-LE', 'EEG F4-LE', 'EEG C4-LE', 'EEG P4-LE', 'EEG O2-LE', 'EEG F8-LE', 'EEG T4-LE', 'EEG T6-LE', 'EEG Cz-LE', 'EEG Pz-LE', 'EEG A2-A1']
NOTE: pick_channels() is a legacy function. New code should use inst.pick(...).
['EEG Fp1-LE', 'EEG Fp2-LE', 'EEG F3-LE', 'EEG F4-LE', 'EEG C3-LE', 'EEG C4-LE', 'EEG P3-LE', 'EEG P4-LE', 'EEG O1-LE', 'EEG O2-LE', 'EEG F7-LE', 'EEG F8-LE', 'EEG T3-LE', 'EEG T4-LE', 'EEG T5-LE', 'EEG T6-LE', 'EEG Fz-LE', 'EEG Cz-LE', 'EEG Pz-LE']
Filtering raw data in 1 contiguous segment
Setting up band-pass filter from 0.3 - 75 Hz

FIR filter parameters
---------------------
Designing a one-pass, zero-phase, non-causal bandpass filter:
- Windowed time-domain design (firwin) method
- Hamming window with 0.0194 passband ripple and 53 dB stopband attenuation
- Lower passband edge: 0.30
- Lower transition bandwidth: 0.30 Hz (-6 dB cutoff frequency: 0.15 Hz)
- Upper passband edge: 75.00 Hz
- Upper transition bandwidth: 18.75 Hz (-6 dB cutoff frequency: 84.38 Hz)
- Filter length: 2201 samples (11.005 s)

Filtering raw data in 1 contiguous segment
Setting up band-stop filter from 49 - 51 Hz

FIR filter parameters
---------------------
Designing a one-pass, zero-phase, non-causal bandstop filter:
- Windowed time-domain design (firwin) method
- Hamming window with 0.0194 passband ripple and 53 dB stopband attenuation
- Lower passband edge: 49.38
- Lower transition bandwidth: 0.50 Hz (-6 dB cutoff frequency: 49.12 Hz)
- Upper passband edge: 50.62 Hz
- Upper transition bandwidth: 0.50 Hz (-6 dB cutoff frequency: 50.88 Hz)
- Filter length: 1321 samples (6.605 s)

(59400, 19)
400
(59, 19, 5, 200)
Extracting EDF parameters from /home/wkim/data/mumtaz/files/H S25 EC.edf...
Setting channel info structure...
Creating raw.info structure...
Reading 0 ... 77055  =      0.000 ...   300.996 secs...
['EEG Fp1-LE', 'EEG F3-LE', 'EEG C3-LE', 'EEG P3-LE', 'EEG O1-LE', 'EEG F7-LE', 'EEG T3-LE', 'EEG T5-LE', 'EEG Fz-LE', 'EEG Fp2-LE', 'EEG F4-LE', 'EEG C4-LE', 'EEG P4-LE', 'EEG O2-LE', 'EEG F8-LE', 'EEG T4-LE', 'EEG T6-LE', 'EEG Cz-LE', 'EEG Pz-LE', 'EEG A2-A1']
NOTE: pick_channels() is a legacy function. New code should use inst.pick(...).
['EEG Fp1-LE', 'EEG Fp2-LE', 'EEG F3-LE', 'EEG F4-LE', 'EEG C3-LE', 'EEG C4-LE', 'EEG P3-LE', 'EEG P4-LE', 'EEG O1-LE', 'EEG O2-LE', 'EEG F7-LE', 'EEG F8-LE', 'EEG T3-LE', 'EEG T4-LE', 'EEG T5-LE', 'EEG T6-LE', 'EEG Fz-LE', 'EEG Cz-LE', 'EEG Pz-LE']
Filtering raw data in 1 contiguous segment
Setting up band-pass filter from 0.3 - 75 Hz

FIR filter parameters
---------------------
Designing a one-pass, zero-phase, non-causal bandpass filter:
- Windowed time-domain design (firwin) method
- Hamming window with 0.0194 passband ripple and 53 dB stopband attenuation
- Lower passband edge: 0.30
- Lower transition bandwidth: 0.30 Hz (-6 dB cutoff frequency: 0.15 Hz)
- Upper passband edge: 75.00 Hz
- Upper transition bandwidth: 18.75 Hz (-6 dB cutoff frequency: 84.38 Hz)
- Filter length: 2201 samples (11.005 s)

Filtering raw data in 1 contiguous segment
Setting up band-stop filter from 49 - 51 Hz

FIR filter parameters
---------------------
Designing a one-pass, zero-phase, non-causal bandstop filter:
- Windowed time-domain design (firwin) method
- Hamming window with 0.0194 passband ripple and 53 dB stopband attenuation
- Lower passband edge: 49.38
- Lower transition bandwidth: 0.50 Hz (-6 dB cutoff frequency: 49.12 Hz)
- Upper passband edge: 50.62 Hz
- Upper transition bandwidth: 0.50 Hz (-6 dB cutoff frequency: 50.88 Hz)
- Filter length: 1321 samples (6.605 s)

(60200, 19)
200
(60, 19, 5, 200)
Extracting EDF parameters from /home/wkim/data/mumtaz/files/H S26 EC.edf...
Setting channel info structure...
Creating raw.info structure...
Reading 0 ... 77311  =      0.000 ...   301.996 secs...
['EEG Fp1-LE', 'EEG F3-LE', 'EEG C3-LE', 'EEG P3-LE', 'EEG O1-LE', 'EEG F7-LE', 'EEG T3-LE', 'EEG T5-LE', 'EEG Fz-LE', 'EEG Fp2-LE', 'EEG F4-LE', 'EEG C4-LE', 'EEG P4-LE', 'EEG O2-LE', 'EEG F8-LE', 'EEG T4-LE', 'EEG T6-LE', 'EEG Cz-LE', 'EEG Pz-LE', 'EEG A2-A1', 'EEG 23A-23R', 'EEG 24A-24R']
NOTE: pick_channels() is a legacy function. New code should use inst.pick(...).
['EEG Fp1-LE', 'EEG Fp2-LE', 'EEG F3-LE', 'EEG F4-LE', 'EEG C3-LE', 'EEG C4-LE', 'EEG P3-LE', 'EEG P4-LE', 'EEG O1-LE', 'EEG O2-LE', 'EEG F7-LE', 'EEG F8-LE', 'EEG T3-LE', 'EEG T4-LE', 'EEG T5-LE', 'EEG T6-LE', 'EEG Fz-LE', 'EEG Cz-LE', 'EEG Pz-LE']
Filtering raw data in 1 contiguous segment
Setting up band-pass filter from 0.3 - 75 Hz

FIR filter parameters
---------------------
Designing a one-pass, zero-phase, non-causal bandpass filter:
- Windowed time-domain design (firwin) method
- Hamming window with 0.0194 passband ripple and 53 dB stopband attenuation
- Lower passband edge: 0.30
- Lower transition bandwidth: 0.30 Hz (-6 dB cutoff frequency: 0.15 Hz)
- Upper passband edge: 75.00 Hz
- Upper transition bandwidth: 18.75 Hz (-6 dB cutoff frequency: 84.38 Hz)
- Filter length: 2201 samples (11.005 s)

Filtering raw data in 1 contiguous segment
Setting up band-stop filter from 49 - 51 Hz

FIR filter parameters
---------------------
Designing a one-pass, zero-phase, non-causal bandstop filter:
- Windowed time-domain design (firwin) method
- Hamming window with 0.0194 passband ripple and 53 dB stopband attenuation
- Lower passband edge: 49.38
- Lower transition bandwidth: 0.50 Hz (-6 dB cutoff frequency: 49.12 Hz)
- Upper passband edge: 50.62 Hz
- Upper transition bandwidth: 0.50 Hz (-6 dB cutoff frequency: 50.88 Hz)
- Filter length: 1321 samples (6.605 s)

(60400, 19)
400
(60, 19, 5, 200)
Extracting EDF parameters from /home/wkim/data/mumtaz/files/H S26 EO.edf...
Setting channel info structure...
Creating raw.info structure...
Reading 0 ... 78079  =      0.000 ...   304.996 secs...
['EEG Fp1-LE', 'EEG F3-LE', 'EEG C3-LE', 'EEG P3-LE', 'EEG O1-LE', 'EEG F7-LE', 'EEG T3-LE', 'EEG T5-LE', 'EEG Fz-LE', 'EEG Fp2-LE', 'EEG F4-LE', 'EEG C4-LE', 'EEG P4-LE', 'EEG O2-LE', 'EEG F8-LE', 'EEG T4-LE', 'EEG T6-LE', 'EEG Cz-LE', 'EEG Pz-LE', 'EEG A2-A1', 'EEG 23A-23R', 'EEG 24A-24R']
NOTE: pick_channels() is a legacy function. New code should use inst.pick(...).
['EEG Fp1-LE', 'EEG Fp2-LE', 'EEG F3-LE', 'EEG F4-LE', 'EEG C3-LE', 'EEG C4-LE', 'EEG P3-LE', 'EEG P4-LE', 'EEG O1-LE', 'EEG O2-LE', 'EEG F7-LE', 'EEG F8-LE', 'EEG T3-LE', 'EEG T4-LE', 'EEG T5-LE', 'EEG T6-LE', 'EEG Fz-LE', 'EEG Cz-LE', 'EEG Pz-LE']
Filtering raw data in 1 contiguous segment
Setting up band-pass filter from 0.3 - 75 Hz

FIR filter parameters
---------------------
Designing a one-pass, zero-phase, non-causal bandpass filter:
- Windowed time-domain design (firwin) method
- Hamming window with 0.0194 passband ripple and 53 dB stopband attenuation
- Lower passband edge: 0.30
- Lower transition bandwidth: 0.30 Hz (-6 dB cutoff frequency: 0.15 Hz)
- Upper passband edge: 75.00 Hz
- Upper transition bandwidth: 18.75 Hz (-6 dB cutoff frequency: 84.38 Hz)
- Filter length: 2201 samples (11.005 s)

Filtering raw data in 1 contiguous segment
Setting up band-stop filter from 49 - 51 Hz

FIR filter parameters
---------------------
Designing a one-pass, zero-phase, non-causal bandstop filter:
- Windowed time-domain design (firwin) method
- Hamming window with 0.0194 passband ripple and 53 dB stopband attenuation
- Lower passband edge: 49.38
- Lower transition bandwidth: 0.50 Hz (-6 dB cutoff frequency: 49.12 Hz)
- Upper passband edge: 50.62 Hz
- Upper transition bandwidth: 0.50 Hz (-6 dB cutoff frequency: 50.88 Hz)
- Filter length: 1321 samples (6.605 s)

(61000, 19)
0
(61, 19, 5, 200)
Extracting EDF parameters from /home/wkim/data/mumtaz/files/H S27 EC.edf...
Setting channel info structure...
Creating raw.info structure...
Reading 0 ... 76799  =      0.000 ...   299.996 secs...
['EEG Fp1-LE', 'EEG F3-LE', 'EEG C3-LE', 'EEG P3-LE', 'EEG O1-LE', 'EEG F7-LE', 'EEG T3-LE', 'EEG T5-LE', 'EEG Fz-LE', 'EEG Fp2-LE', 'EEG F4-LE', 'EEG C4-LE', 'EEG P4-LE', 'EEG O2-LE', 'EEG F8-LE', 'EEG T4-LE', 'EEG T6-LE', 'EEG Cz-LE', 'EEG Pz-LE', 'EEG A2-A1']
NOTE: pick_channels() is a legacy function. New code should use inst.pick(...).
['EEG Fp1-LE', 'EEG Fp2-LE', 'EEG F3-LE', 'EEG F4-LE', 'EEG C3-LE', 'EEG C4-LE', 'EEG P3-LE', 'EEG P4-LE', 'EEG O1-LE', 'EEG O2-LE', 'EEG F7-LE', 'EEG F8-LE', 'EEG T3-LE', 'EEG T4-LE', 'EEG T5-LE', 'EEG T6-LE', 'EEG Fz-LE', 'EEG Cz-LE', 'EEG Pz-LE']
Filtering raw data in 1 contiguous segment
Setting up band-pass filter from 0.3 - 75 Hz

FIR filter parameters
---------------------
Designing a one-pass, zero-phase, non-causal bandpass filter:
- Windowed time-domain design (firwin) method
- Hamming window with 0.0194 passband ripple and 53 dB stopband attenuation
- Lower passband edge: 0.30
- Lower transition bandwidth: 0.30 Hz (-6 dB cutoff frequency: 0.15 Hz)
- Upper passband edge: 75.00 Hz
- Upper transition bandwidth: 18.75 Hz (-6 dB cutoff frequency: 84.38 Hz)
- Filter length: 2201 samples (11.005 s)

Filtering raw data in 1 contiguous segment
Setting up band-stop filter from 49 - 51 Hz

FIR filter parameters
---------------------
Designing a one-pass, zero-phase, non-causal bandstop filter:
- Windowed time-domain design (firwin) method
- Hamming window with 0.0194 passband ripple and 53 dB stopband attenuation
- Lower passband edge: 49.38
- Lower transition bandwidth: 0.50 Hz (-6 dB cutoff frequency: 49.12 Hz)
- Upper passband edge: 50.62 Hz
- Upper transition bandwidth: 0.50 Hz (-6 dB cutoff frequency: 50.88 Hz)
- Filter length: 1321 samples (6.605 s)

(60000, 19)
0
(60, 19, 5, 200)
Extracting EDF parameters from /home/wkim/data/mumtaz/files/H S27 EO.edf...
Setting channel info structure...
Creating raw.info structure...
Reading 0 ... 76799  =      0.000 ...   299.996 secs...
['EEG Fp1-LE', 'EEG F3-LE', 'EEG C3-LE', 'EEG P3-LE', 'EEG O1-LE', 'EEG F7-LE', 'EEG T3-LE', 'EEG T5-LE', 'EEG Fz-LE', 'EEG Fp2-LE', 'EEG F4-LE', 'EEG C4-LE', 'EEG P4-LE', 'EEG O2-LE', 'EEG F8-LE', 'EEG T4-LE', 'EEG T6-LE', 'EEG Cz-LE', 'EEG Pz-LE', 'EEG A2-A1']
NOTE: pick_channels() is a legacy function. New code should use inst.pick(...).
['EEG Fp1-LE', 'EEG Fp2-LE', 'EEG F3-LE', 'EEG F4-LE', 'EEG C3-LE', 'EEG C4-LE', 'EEG P3-LE', 'EEG P4-LE', 'EEG O1-LE', 'EEG O2-LE', 'EEG F7-LE', 'EEG F8-LE', 'EEG T3-LE', 'EEG T4-LE', 'EEG T5-LE', 'EEG T6-LE', 'EEG Fz-LE', 'EEG Cz-LE', 'EEG Pz-LE']
Filtering raw data in 1 contiguous segment
Setting up band-pass filter from 0.3 - 75 Hz

FIR filter parameters
---------------------
Designing a one-pass, zero-phase, non-causal bandpass filter:
- Windowed time-domain design (firwin) method
- Hamming window with 0.0194 passband ripple and 53 dB stopband attenuation
- Lower passband edge: 0.30
- Lower transition bandwidth: 0.30 Hz (-6 dB cutoff frequency: 0.15 Hz)
- Upper passband edge: 75.00 Hz
- Upper transition bandwidth: 18.75 Hz (-6 dB cutoff frequency: 84.38 Hz)
- Filter length: 2201 samples (11.005 s)

Filtering raw data in 1 contiguous segment
Setting up band-stop filter from 49 - 51 Hz

FIR filter parameters
---------------------
Designing a one-pass, zero-phase, non-causal bandstop filter:
- Windowed time-domain design (firwin) method
- Hamming window with 0.0194 passband ripple and 53 dB stopband attenuation
- Lower passband edge: 49.38
- Lower transition bandwidth: 0.50 Hz (-6 dB cutoff frequency: 49.12 Hz)
- Upper passband edge: 50.62 Hz
- Upper transition bandwidth: 0.50 Hz (-6 dB cutoff frequency: 50.88 Hz)
- Filter length: 1321 samples (6.605 s)

(60000, 19)
0
(60, 19, 5, 200)
Extracting EDF parameters from /home/wkim/data/mumtaz/files/H S28 EC.edf...
Setting channel info structure...
Creating raw.info structure...
Reading 0 ... 77055  =      0.000 ...   300.996 secs...
['EEG Fp1-LE', 'EEG F3-LE', 'EEG C3-LE', 'EEG P3-LE', 'EEG O1-LE', 'EEG F7-LE', 'EEG T3-LE', 'EEG T5-LE', 'EEG Fz-LE', 'EEG Fp2-LE', 'EEG F4-LE', 'EEG C4-LE', 'EEG P4-LE', 'EEG O2-LE', 'EEG F8-LE', 'EEG T4-LE', 'EEG T6-LE', 'EEG Cz-LE', 'EEG Pz-LE', 'EEG A2-A1', 'EEG 23A-23R', 'EEG 24A-24R']
NOTE: pick_channels() is a legacy function. New code should use inst.pick(...).
['EEG Fp1-LE', 'EEG Fp2-LE', 'EEG F3-LE', 'EEG F4-LE', 'EEG C3-LE', 'EEG C4-LE', 'EEG P3-LE', 'EEG P4-LE', 'EEG O1-LE', 'EEG O2-LE', 'EEG F7-LE', 'EEG F8-LE', 'EEG T3-LE', 'EEG T4-LE', 'EEG T5-LE', 'EEG T6-LE', 'EEG Fz-LE', 'EEG Cz-LE', 'EEG Pz-LE']
Filtering raw data in 1 contiguous segment
Setting up band-pass filter from 0.3 - 75 Hz

FIR filter parameters
---------------------
Designing a one-pass, zero-phase, non-causal bandpass filter:
- Windowed time-domain design (firwin) method
- Hamming window with 0.0194 passband ripple and 53 dB stopband attenuation
- Lower passband edge: 0.30
- Lower transition bandwidth: 0.30 Hz (-6 dB cutoff frequency: 0.15 Hz)
- Upper passband edge: 75.00 Hz
- Upper transition bandwidth: 18.75 Hz (-6 dB cutoff frequency: 84.38 Hz)
- Filter length: 2201 samples (11.005 s)

Filtering raw data in 1 contiguous segment
Setting up band-stop filter from 49 - 51 Hz

FIR filter parameters
---------------------
Designing a one-pass, zero-phase, non-causal bandstop filter:
- Windowed time-domain design (firwin) method
- Hamming window with 0.0194 passband ripple and 53 dB stopband attenuation
- Lower passband edge: 49.38
- Lower transition bandwidth: 0.50 Hz (-6 dB cutoff frequency: 49.12 Hz)
- Upper passband edge: 50.62 Hz
- Upper transition bandwidth: 0.50 Hz (-6 dB cutoff frequency: 50.88 Hz)
- Filter length: 1321 samples (6.605 s)

(60200, 19)
200
(60, 19, 5, 200)
Extracting EDF parameters from /home/wkim/data/mumtaz/files/H S28 EO.edf...
Setting channel info structure...
Creating raw.info structure...
Reading 0 ... 76543  =      0.000 ...   298.996 secs...
['EEG Fp1-LE', 'EEG F3-LE', 'EEG C3-LE', 'EEG P3-LE', 'EEG O1-LE', 'EEG F7-LE', 'EEG T3-LE', 'EEG T5-LE', 'EEG Fz-LE', 'EEG Fp2-LE', 'EEG F4-LE', 'EEG C4-LE', 'EEG P4-LE', 'EEG O2-LE', 'EEG F8-LE', 'EEG T4-LE', 'EEG T6-LE', 'EEG Cz-LE', 'EEG Pz-LE', 'EEG A2-A1', 'EEG 23A-23R', 'EEG 24A-24R']
NOTE: pick_channels() is a legacy function. New code should use inst.pick(...).
['EEG Fp1-LE', 'EEG Fp2-LE', 'EEG F3-LE', 'EEG F4-LE', 'EEG C3-LE', 'EEG C4-LE', 'EEG P3-LE', 'EEG P4-LE', 'EEG O1-LE', 'EEG O2-LE', 'EEG F7-LE', 'EEG F8-LE', 'EEG T3-LE', 'EEG T4-LE', 'EEG T5-LE', 'EEG T6-LE', 'EEG Fz-LE', 'EEG Cz-LE', 'EEG Pz-LE']
Filtering raw data in 1 contiguous segment
Setting up band-pass filter from 0.3 - 75 Hz

FIR filter parameters
---------------------
Designing a one-pass, zero-phase, non-causal bandpass filter:
- Windowed time-domain design (firwin) method
- Hamming window with 0.0194 passband ripple and 53 dB stopband attenuation
- Lower passband edge: 0.30
- Lower transition bandwidth: 0.30 Hz (-6 dB cutoff frequency: 0.15 Hz)
- Upper passband edge: 75.00 Hz
- Upper transition bandwidth: 18.75 Hz (-6 dB cutoff frequency: 84.38 Hz)
- Filter length: 2201 samples (11.005 s)

Filtering raw data in 1 contiguous segment
Setting up band-stop filter from 49 - 51 Hz

FIR filter parameters
---------------------
Designing a one-pass, zero-phase, non-causal bandstop filter:
- Windowed time-domain design (firwin) method
- Hamming window with 0.0194 passband ripple and 53 dB stopband attenuation
- Lower passband edge: 49.38
- Lower transition bandwidth: 0.50 Hz (-6 dB cutoff frequency: 49.12 Hz)
- Upper passband edge: 50.62 Hz
- Upper transition bandwidth: 0.50 Hz (-6 dB cutoff frequency: 50.88 Hz)
- Filter length: 1321 samples (6.605 s)

(59800, 19)
800
(59, 19, 5, 200)
Extracting EDF parameters from /home/wkim/data/mumtaz/files/MDD S1  EO.edf...
Setting channel info structure...
Creating raw.info structure...
Reading 0 ... 77055  =      0.000 ...   300.996 secs...
['EEG Fp1-LE', 'EEG F3-LE', 'EEG C3-LE', 'EEG P3-LE', 'EEG O1-LE', 'EEG F7-LE', 'EEG T3-LE', 'EEG T5-LE', 'EEG Fz-LE', 'EEG Fp2-LE', 'EEG F4-LE', 'EEG C4-LE', 'EEG P4-LE', 'EEG O2-LE', 'EEG F8-LE', 'EEG T4-LE', 'EEG T6-LE', 'EEG Cz-LE', 'EEG Pz-LE', 'EEG A2-A1']
NOTE: pick_channels() is a legacy function. New code should use inst.pick(...).
['EEG Fp1-LE', 'EEG Fp2-LE', 'EEG F3-LE', 'EEG F4-LE', 'EEG C3-LE', 'EEG C4-LE', 'EEG P3-LE', 'EEG P4-LE', 'EEG O1-LE', 'EEG O2-LE', 'EEG F7-LE', 'EEG F8-LE', 'EEG T3-LE', 'EEG T4-LE', 'EEG T5-LE', 'EEG T6-LE', 'EEG Fz-LE', 'EEG Cz-LE', 'EEG Pz-LE']
Filtering raw data in 1 contiguous segment
Setting up band-pass filter from 0.3 - 75 Hz

FIR filter parameters
---------------------
Designing a one-pass, zero-phase, non-causal bandpass filter:
- Windowed time-domain design (firwin) method
- Hamming window with 0.0194 passband ripple and 53 dB stopband attenuation
- Lower passband edge: 0.30
- Lower transition bandwidth: 0.30 Hz (-6 dB cutoff frequency: 0.15 Hz)
- Upper passband edge: 75.00 Hz
- Upper transition bandwidth: 18.75 Hz (-6 dB cutoff frequency: 84.38 Hz)
- Filter length: 2201 samples (11.005 s)

Filtering raw data in 1 contiguous segment
Setting up band-stop filter from 49 - 51 Hz

FIR filter parameters
---------------------
Designing a one-pass, zero-phase, non-causal bandstop filter:
- Windowed time-domain design (firwin) method
- Hamming window with 0.0194 passband ripple and 53 dB stopband attenuation
- Lower passband edge: 49.38
- Lower transition bandwidth: 0.50 Hz (-6 dB cutoff frequency: 49.12 Hz)
- Upper passband edge: 50.62 Hz
- Upper transition bandwidth: 0.50 Hz (-6 dB cutoff frequency: 50.88 Hz)
- Filter length: 1321 samples (6.605 s)

(60200, 19)
200
(60, 19, 5, 200)
Extracting EDF parameters from /home/wkim/data/mumtaz/files/MDD S1 EC.edf...
Setting channel info structure...
Creating raw.info structure...
Reading 0 ... 77567  =      0.000 ...   302.996 secs...
['EEG Fp1-LE', 'EEG F3-LE', 'EEG C3-LE', 'EEG P3-LE', 'EEG O1-LE', 'EEG F7-LE', 'EEG T3-LE', 'EEG T5-LE', 'EEG Fz-LE', 'EEG Fp2-LE', 'EEG F4-LE', 'EEG C4-LE', 'EEG P4-LE', 'EEG O2-LE', 'EEG F8-LE', 'EEG T4-LE', 'EEG T6-LE', 'EEG Cz-LE', 'EEG Pz-LE', 'EEG A2-A1']
NOTE: pick_channels() is a legacy function. New code should use inst.pick(...).
['EEG Fp1-LE', 'EEG Fp2-LE', 'EEG F3-LE', 'EEG F4-LE', 'EEG C3-LE', 'EEG C4-LE', 'EEG P3-LE', 'EEG P4-LE', 'EEG O1-LE', 'EEG O2-LE', 'EEG F7-LE', 'EEG F8-LE', 'EEG T3-LE', 'EEG T4-LE', 'EEG T5-LE', 'EEG T6-LE', 'EEG Fz-LE', 'EEG Cz-LE', 'EEG Pz-LE']
Filtering raw data in 1 contiguous segment
Setting up band-pass filter from 0.3 - 75 Hz

FIR filter parameters
---------------------
Designing a one-pass, zero-phase, non-causal bandpass filter:
- Windowed time-domain design (firwin) method
- Hamming window with 0.0194 passband ripple and 53 dB stopband attenuation
- Lower passband edge: 0.30
- Lower transition bandwidth: 0.30 Hz (-6 dB cutoff frequency: 0.15 Hz)
- Upper passband edge: 75.00 Hz
- Upper transition bandwidth: 18.75 Hz (-6 dB cutoff frequency: 84.38 Hz)
- Filter length: 2201 samples (11.005 s)

Filtering raw data in 1 contiguous segment
Setting up band-stop filter from 49 - 51 Hz

FIR filter parameters
---------------------
Designing a one-pass, zero-phase, non-causal bandstop filter:
- Windowed time-domain design (firwin) method
- Hamming window with 0.0194 passband ripple and 53 dB stopband attenuation
- Lower passband edge: 49.38
- Lower transition bandwidth: 0.50 Hz (-6 dB cutoff frequency: 49.12 Hz)
- Upper passband edge: 50.62 Hz
- Upper transition bandwidth: 0.50 Hz (-6 dB cutoff frequency: 50.88 Hz)
- Filter length: 1321 samples (6.605 s)

(60600, 19)
600
(60, 19, 5, 200)
Extracting EDF parameters from /home/wkim/data/mumtaz/files/MDD S10 EC.edf...
Setting channel info structure...
Creating raw.info structure...
Reading 0 ... 77055  =      0.000 ...   300.996 secs...
['EEG Fp1-LE', 'EEG F3-LE', 'EEG C3-LE', 'EEG P3-LE', 'EEG O1-LE', 'EEG F7-LE', 'EEG T3-LE', 'EEG T5-LE', 'EEG Fz-LE', 'EEG Fp2-LE', 'EEG F4-LE', 'EEG C4-LE', 'EEG P4-LE', 'EEG O2-LE', 'EEG F8-LE', 'EEG T4-LE', 'EEG T6-LE', 'EEG Cz-LE', 'EEG Pz-LE', 'EEG A2-A1']
NOTE: pick_channels() is a legacy function. New code should use inst.pick(...).
['EEG Fp1-LE', 'EEG Fp2-LE', 'EEG F3-LE', 'EEG F4-LE', 'EEG C3-LE', 'EEG C4-LE', 'EEG P3-LE', 'EEG P4-LE', 'EEG O1-LE', 'EEG O2-LE', 'EEG F7-LE', 'EEG F8-LE', 'EEG T3-LE', 'EEG T4-LE', 'EEG T5-LE', 'EEG T6-LE', 'EEG Fz-LE', 'EEG Cz-LE', 'EEG Pz-LE']
Filtering raw data in 1 contiguous segment
Setting up band-pass filter from 0.3 - 75 Hz

FIR filter parameters
---------------------
Designing a one-pass, zero-phase, non-causal bandpass filter:
- Windowed time-domain design (firwin) method
- Hamming window with 0.0194 passband ripple and 53 dB stopband attenuation
- Lower passband edge: 0.30
- Lower transition bandwidth: 0.30 Hz (-6 dB cutoff frequency: 0.15 Hz)
- Upper passband edge: 75.00 Hz
- Upper transition bandwidth: 18.75 Hz (-6 dB cutoff frequency: 84.38 Hz)
- Filter length: 2201 samples (11.005 s)

Filtering raw data in 1 contiguous segment
Setting up band-stop filter from 49 - 51 Hz

FIR filter parameters
---------------------
Designing a one-pass, zero-phase, non-causal bandstop filter:
- Windowed time-domain design (firwin) method
- Hamming window with 0.0194 passband ripple and 53 dB stopband attenuation
- Lower passband edge: 49.38
- Lower transition bandwidth: 0.50 Hz (-6 dB cutoff frequency: 49.12 Hz)
- Upper passband edge: 50.62 Hz
- Upper transition bandwidth: 0.50 Hz (-6 dB cutoff frequency: 50.88 Hz)
- Filter length: 1321 samples (6.605 s)

(60200, 19)
200
(60, 19, 5, 200)
Extracting EDF parameters from /home/wkim/data/mumtaz/files/MDD S10 EO.edf...
Setting channel info structure...
Creating raw.info structure...
Reading 0 ... 76799  =      0.000 ...   299.996 secs...
['EEG Fp1-LE', 'EEG F3-LE', 'EEG C3-LE', 'EEG P3-LE', 'EEG O1-LE', 'EEG F7-LE', 'EEG T3-LE', 'EEG T5-LE', 'EEG Fz-LE', 'EEG Fp2-LE', 'EEG F4-LE', 'EEG C4-LE', 'EEG P4-LE', 'EEG O2-LE', 'EEG F8-LE', 'EEG T4-LE', 'EEG T6-LE', 'EEG Cz-LE', 'EEG Pz-LE', 'EEG A2-A1']
NOTE: pick_channels() is a legacy function. New code should use inst.pick(...).
['EEG Fp1-LE', 'EEG Fp2-LE', 'EEG F3-LE', 'EEG F4-LE', 'EEG C3-LE', 'EEG C4-LE', 'EEG P3-LE', 'EEG P4-LE', 'EEG O1-LE', 'EEG O2-LE', 'EEG F7-LE', 'EEG F8-LE', 'EEG T3-LE', 'EEG T4-LE', 'EEG T5-LE', 'EEG T6-LE', 'EEG Fz-LE', 'EEG Cz-LE', 'EEG Pz-LE']
Filtering raw data in 1 contiguous segment
Setting up band-pass filter from 0.3 - 75 Hz

FIR filter parameters
---------------------
Designing a one-pass, zero-phase, non-causal bandpass filter:
- Windowed time-domain design (firwin) method
- Hamming window with 0.0194 passband ripple and 53 dB stopband attenuation
- Lower passband edge: 0.30
- Lower transition bandwidth: 0.30 Hz (-6 dB cutoff frequency: 0.15 Hz)
- Upper passband edge: 75.00 Hz
- Upper transition bandwidth: 18.75 Hz (-6 dB cutoff frequency: 84.38 Hz)
- Filter length: 2201 samples (11.005 s)

Filtering raw data in 1 contiguous segment
Setting up band-stop filter from 49 - 51 Hz

FIR filter parameters
---------------------
Designing a one-pass, zero-phase, non-causal bandstop filter:
- Windowed time-domain design (firwin) method
- Hamming window with 0.0194 passband ripple and 53 dB stopband attenuation
- Lower passband edge: 49.38
- Lower transition bandwidth: 0.50 Hz (-6 dB cutoff frequency: 49.12 Hz)
- Upper passband edge: 50.62 Hz
- Upper transition bandwidth: 0.50 Hz (-6 dB cutoff frequency: 50.88 Hz)
- Filter length: 1321 samples (6.605 s)

(60000, 19)
0
(60, 19, 5, 200)
Extracting EDF parameters from /home/wkim/data/mumtaz/files/MDD S11  EC.edf...
Setting channel info structure...
Creating raw.info structure...
Reading 0 ... 76543  =      0.000 ...   298.996 secs...
['EEG Fp1-LE', 'EEG F3-LE', 'EEG C3-LE', 'EEG P3-LE', 'EEG O1-LE', 'EEG F7-LE', 'EEG T3-LE', 'EEG T5-LE', 'EEG Fz-LE', 'EEG Fp2-LE', 'EEG F4-LE', 'EEG C4-LE', 'EEG P4-LE', 'EEG O2-LE', 'EEG F8-LE', 'EEG T4-LE', 'EEG T6-LE', 'EEG Cz-LE', 'EEG Pz-LE', 'EEG A2-A1']
NOTE: pick_channels() is a legacy function. New code should use inst.pick(...).
['EEG Fp1-LE', 'EEG Fp2-LE', 'EEG F3-LE', 'EEG F4-LE', 'EEG C3-LE', 'EEG C4-LE', 'EEG P3-LE', 'EEG P4-LE', 'EEG O1-LE', 'EEG O2-LE', 'EEG F7-LE', 'EEG F8-LE', 'EEG T3-LE', 'EEG T4-LE', 'EEG T5-LE', 'EEG T6-LE', 'EEG Fz-LE', 'EEG Cz-LE', 'EEG Pz-LE']
Filtering raw data in 1 contiguous segment
Setting up band-pass filter from 0.3 - 75 Hz

FIR filter parameters
---------------------
Designing a one-pass, zero-phase, non-causal bandpass filter:
- Windowed time-domain design (firwin) method
- Hamming window with 0.0194 passband ripple and 53 dB stopband attenuation
- Lower passband edge: 0.30
- Lower transition bandwidth: 0.30 Hz (-6 dB cutoff frequency: 0.15 Hz)
- Upper passband edge: 75.00 Hz
- Upper transition bandwidth: 18.75 Hz (-6 dB cutoff frequency: 84.38 Hz)
- Filter length: 2201 samples (11.005 s)

Filtering raw data in 1 contiguous segment
Setting up band-stop filter from 49 - 51 Hz

FIR filter parameters
---------------------
Designing a one-pass, zero-phase, non-causal bandstop filter:
- Windowed time-domain design (firwin) method
- Hamming window with 0.0194 passband ripple and 53 dB stopband attenuation
- Lower passband edge: 49.38
- Lower transition bandwidth: 0.50 Hz (-6 dB cutoff frequency: 49.12 Hz)
- Upper passband edge: 50.62 Hz
- Upper transition bandwidth: 0.50 Hz (-6 dB cutoff frequency: 50.88 Hz)
- Filter length: 1321 samples (6.605 s)

(59800, 19)
800
(59, 19, 5, 200)
Extracting EDF parameters from /home/wkim/data/mumtaz/files/MDD S11 EO.edf...
Setting channel info structure...
Creating raw.info structure...
Reading 0 ... 76543  =      0.000 ...   298.996 secs...
['EEG Fp1-LE', 'EEG F3-LE', 'EEG C3-LE', 'EEG P3-LE', 'EEG O1-LE', 'EEG F7-LE', 'EEG T3-LE', 'EEG T5-LE', 'EEG Fz-LE', 'EEG Fp2-LE', 'EEG F4-LE', 'EEG C4-LE', 'EEG P4-LE', 'EEG O2-LE', 'EEG F8-LE', 'EEG T4-LE', 'EEG T6-LE', 'EEG Cz-LE', 'EEG Pz-LE', 'EEG A2-A1']
NOTE: pick_channels() is a legacy function. New code should use inst.pick(...).
['EEG Fp1-LE', 'EEG Fp2-LE', 'EEG F3-LE', 'EEG F4-LE', 'EEG C3-LE', 'EEG C4-LE', 'EEG P3-LE', 'EEG P4-LE', 'EEG O1-LE', 'EEG O2-LE', 'EEG F7-LE', 'EEG F8-LE', 'EEG T3-LE', 'EEG T4-LE', 'EEG T5-LE', 'EEG T6-LE', 'EEG Fz-LE', 'EEG Cz-LE', 'EEG Pz-LE']
Filtering raw data in 1 contiguous segment
Setting up band-pass filter from 0.3 - 75 Hz

FIR filter parameters
---------------------
Designing a one-pass, zero-phase, non-causal bandpass filter:
- Windowed time-domain design (firwin) method
- Hamming window with 0.0194 passband ripple and 53 dB stopband attenuation
- Lower passband edge: 0.30
- Lower transition bandwidth: 0.30 Hz (-6 dB cutoff frequency: 0.15 Hz)
- Upper passband edge: 75.00 Hz
- Upper transition bandwidth: 18.75 Hz (-6 dB cutoff frequency: 84.38 Hz)
- Filter length: 2201 samples (11.005 s)

Filtering raw data in 1 contiguous segment
Setting up band-stop filter from 49 - 51 Hz

FIR filter parameters
---------------------
Designing a one-pass, zero-phase, non-causal bandstop filter:
- Windowed time-domain design (firwin) method
- Hamming window with 0.0194 passband ripple and 53 dB stopband attenuation
- Lower passband edge: 49.38
- Lower transition bandwidth: 0.50 Hz (-6 dB cutoff frequency: 49.12 Hz)
- Upper passband edge: 50.62 Hz
- Upper transition bandwidth: 0.50 Hz (-6 dB cutoff frequency: 50.88 Hz)
- Filter length: 1321 samples (6.605 s)

(59800, 19)
800
(59, 19, 5, 200)
Extracting EDF parameters from /home/wkim/data/mumtaz/files/MDD S12 EO.edf...
Setting channel info structure...
Creating raw.info structure...
Reading 0 ... 48383  =      0.000 ...   188.996 secs...
['EEG Fp1-LE', 'EEG F3-LE', 'EEG C3-LE', 'EEG P3-LE', 'EEG O1-LE', 'EEG F7-LE', 'EEG T3-LE', 'EEG T5-LE', 'EEG Fz-LE', 'EEG Fp2-LE', 'EEG F4-LE', 'EEG C4-LE', 'EEG P4-LE', 'EEG O2-LE', 'EEG F8-LE', 'EEG T4-LE', 'EEG T6-LE', 'EEG Cz-LE', 'EEG Pz-LE', 'EEG A2-A1']
NOTE: pick_channels() is a legacy function. New code should use inst.pick(...).
['EEG Fp1-LE', 'EEG Fp2-LE', 'EEG F3-LE', 'EEG F4-LE', 'EEG C3-LE', 'EEG C4-LE', 'EEG P3-LE', 'EEG P4-LE', 'EEG O1-LE', 'EEG O2-LE', 'EEG F7-LE', 'EEG F8-LE', 'EEG T3-LE', 'EEG T4-LE', 'EEG T5-LE', 'EEG T6-LE', 'EEG Fz-LE', 'EEG Cz-LE', 'EEG Pz-LE']
Filtering raw data in 1 contiguous segment
Setting up band-pass filter from 0.3 - 75 Hz

FIR filter parameters
---------------------
Designing a one-pass, zero-phase, non-causal bandpass filter:
- Windowed time-domain design (firwin) method
- Hamming window with 0.0194 passband ripple and 53 dB stopband attenuation
- Lower passband edge: 0.30
- Lower transition bandwidth: 0.30 Hz (-6 dB cutoff frequency: 0.15 Hz)
- Upper passband edge: 75.00 Hz
- Upper transition bandwidth: 18.75 Hz (-6 dB cutoff frequency: 84.38 Hz)
- Filter length: 2201 samples (11.005 s)

Filtering raw data in 1 contiguous segment
Setting up band-stop filter from 49 - 51 Hz

FIR filter parameters
---------------------
Designing a one-pass, zero-phase, non-causal bandstop filter:
- Windowed time-domain design (firwin) method
- Hamming window with 0.0194 passband ripple and 53 dB stopband attenuation
- Lower passband edge: 49.38
- Lower transition bandwidth: 0.50 Hz (-6 dB cutoff frequency: 49.12 Hz)
- Upper passband edge: 50.62 Hz
- Upper transition bandwidth: 0.50 Hz (-6 dB cutoff frequency: 50.88 Hz)
- Filter length: 1321 samples (6.605 s)

(37800, 19)
800
(37, 19, 5, 200)
Extracting EDF parameters from /home/wkim/data/mumtaz/files/MDD S13 EC.edf...
Setting channel info structure...
Creating raw.info structure...
Reading 0 ... 76799  =      0.000 ...   299.996 secs...
['EEG Fp1-LE', 'EEG F3-LE', 'EEG C3-LE', 'EEG P3-LE', 'EEG O1-LE', 'EEG F7-LE', 'EEG T3-LE', 'EEG T5-LE', 'EEG Fz-LE', 'EEG Fp2-LE', 'EEG F4-LE', 'EEG C4-LE', 'EEG P4-LE', 'EEG O2-LE', 'EEG F8-LE', 'EEG T4-LE', 'EEG T6-LE', 'EEG Cz-LE', 'EEG Pz-LE', 'EEG A2-A1']
NOTE: pick_channels() is a legacy function. New code should use inst.pick(...).
['EEG Fp1-LE', 'EEG Fp2-LE', 'EEG F3-LE', 'EEG F4-LE', 'EEG C3-LE', 'EEG C4-LE', 'EEG P3-LE', 'EEG P4-LE', 'EEG O1-LE', 'EEG O2-LE', 'EEG F7-LE', 'EEG F8-LE', 'EEG T3-LE', 'EEG T4-LE', 'EEG T5-LE', 'EEG T6-LE', 'EEG Fz-LE', 'EEG Cz-LE', 'EEG Pz-LE']
Filtering raw data in 1 contiguous segment
Setting up band-pass filter from 0.3 - 75 Hz

FIR filter parameters
---------------------
Designing a one-pass, zero-phase, non-causal bandpass filter:
- Windowed time-domain design (firwin) method
- Hamming window with 0.0194 passband ripple and 53 dB stopband attenuation
- Lower passband edge: 0.30
- Lower transition bandwidth: 0.30 Hz (-6 dB cutoff frequency: 0.15 Hz)
- Upper passband edge: 75.00 Hz
- Upper transition bandwidth: 18.75 Hz (-6 dB cutoff frequency: 84.38 Hz)
- Filter length: 2201 samples (11.005 s)

Filtering raw data in 1 contiguous segment
Setting up band-stop filter from 49 - 51 Hz

FIR filter parameters
---------------------
Designing a one-pass, zero-phase, non-causal bandstop filter:
- Windowed time-domain design (firwin) method
- Hamming window with 0.0194 passband ripple and 53 dB stopband attenuation
- Lower passband edge: 49.38
- Lower transition bandwidth: 0.50 Hz (-6 dB cutoff frequency: 49.12 Hz)
- Upper passband edge: 50.62 Hz
- Upper transition bandwidth: 0.50 Hz (-6 dB cutoff frequency: 50.88 Hz)
- Filter length: 1321 samples (6.605 s)

(60000, 19)
0
(60, 19, 5, 200)
Extracting EDF parameters from /home/wkim/data/mumtaz/files/MDD S13 EO.edf...
Setting channel info structure...
Creating raw.info structure...
Reading 0 ... 79615  =      0.000 ...   310.996 secs...
['EEG Fp1-LE', 'EEG F3-LE', 'EEG C3-LE', 'EEG P3-LE', 'EEG O1-LE', 'EEG F7-LE', 'EEG T3-LE', 'EEG T5-LE', 'EEG Fz-LE', 'EEG Fp2-LE', 'EEG F4-LE', 'EEG C4-LE', 'EEG P4-LE', 'EEG O2-LE', 'EEG F8-LE', 'EEG T4-LE', 'EEG T6-LE', 'EEG Cz-LE', 'EEG Pz-LE', 'EEG A2-A1']
NOTE: pick_channels() is a legacy function. New code should use inst.pick(...).
['EEG Fp1-LE', 'EEG Fp2-LE', 'EEG F3-LE', 'EEG F4-LE', 'EEG C3-LE', 'EEG C4-LE', 'EEG P3-LE', 'EEG P4-LE', 'EEG O1-LE', 'EEG O2-LE', 'EEG F7-LE', 'EEG F8-LE', 'EEG T3-LE', 'EEG T4-LE', 'EEG T5-LE', 'EEG T6-LE', 'EEG Fz-LE', 'EEG Cz-LE', 'EEG Pz-LE']
Filtering raw data in 1 contiguous segment
Setting up band-pass filter from 0.3 - 75 Hz

FIR filter parameters
---------------------
Designing a one-pass, zero-phase, non-causal bandpass filter:
- Windowed time-domain design (firwin) method
- Hamming window with 0.0194 passband ripple and 53 dB stopband attenuation
- Lower passband edge: 0.30
- Lower transition bandwidth: 0.30 Hz (-6 dB cutoff frequency: 0.15 Hz)
- Upper passband edge: 75.00 Hz
- Upper transition bandwidth: 18.75 Hz (-6 dB cutoff frequency: 84.38 Hz)
- Filter length: 2201 samples (11.005 s)

Filtering raw data in 1 contiguous segment
Setting up band-stop filter from 49 - 51 Hz

FIR filter parameters
---------------------
Designing a one-pass, zero-phase, non-causal bandstop filter:
- Windowed time-domain design (firwin) method
- Hamming window with 0.0194 passband ripple and 53 dB stopband attenuation
- Lower passband edge: 49.38
- Lower transition bandwidth: 0.50 Hz (-6 dB cutoff frequency: 49.12 Hz)
- Upper passband edge: 50.62 Hz
- Upper transition bandwidth: 0.50 Hz (-6 dB cutoff frequency: 50.88 Hz)
- Filter length: 1321 samples (6.605 s)

(62200, 19)
200
(62, 19, 5, 200)
Extracting EDF parameters from /home/wkim/data/mumtaz/files/MDD S14 EC.edf...
Setting channel info structure...
Creating raw.info structure...
Reading 0 ... 76799  =      0.000 ...   299.996 secs...
['EEG Fp1-LE', 'EEG F3-LE', 'EEG C3-LE', 'EEG P3-LE', 'EEG O1-LE', 'EEG F7-LE', 'EEG T3-LE', 'EEG T5-LE', 'EEG Fz-LE', 'EEG Fp2-LE', 'EEG F4-LE', 'EEG C4-LE', 'EEG P4-LE', 'EEG O2-LE', 'EEG F8-LE', 'EEG T4-LE', 'EEG T6-LE', 'EEG Cz-LE', 'EEG Pz-LE', 'EEG A2-A1']
NOTE: pick_channels() is a legacy function. New code should use inst.pick(...).
['EEG Fp1-LE', 'EEG Fp2-LE', 'EEG F3-LE', 'EEG F4-LE', 'EEG C3-LE', 'EEG C4-LE', 'EEG P3-LE', 'EEG P4-LE', 'EEG O1-LE', 'EEG O2-LE', 'EEG F7-LE', 'EEG F8-LE', 'EEG T3-LE', 'EEG T4-LE', 'EEG T5-LE', 'EEG T6-LE', 'EEG Fz-LE', 'EEG Cz-LE', 'EEG Pz-LE']
Filtering raw data in 1 contiguous segment
Setting up band-pass filter from 0.3 - 75 Hz

FIR filter parameters
---------------------
Designing a one-pass, zero-phase, non-causal bandpass filter:
- Windowed time-domain design (firwin) method
- Hamming window with 0.0194 passband ripple and 53 dB stopband attenuation
- Lower passband edge: 0.30
- Lower transition bandwidth: 0.30 Hz (-6 dB cutoff frequency: 0.15 Hz)
- Upper passband edge: 75.00 Hz
- Upper transition bandwidth: 18.75 Hz (-6 dB cutoff frequency: 84.38 Hz)
- Filter length: 2201 samples (11.005 s)

Filtering raw data in 1 contiguous segment
Setting up band-stop filter from 49 - 51 Hz

FIR filter parameters
---------------------
Designing a one-pass, zero-phase, non-causal bandstop filter:
- Windowed time-domain design (firwin) method
- Hamming window with 0.0194 passband ripple and 53 dB stopband attenuation
- Lower passband edge: 49.38
- Lower transition bandwidth: 0.50 Hz (-6 dB cutoff frequency: 49.12 Hz)
- Upper passband edge: 50.62 Hz
- Upper transition bandwidth: 0.50 Hz (-6 dB cutoff frequency: 50.88 Hz)
- Filter length: 1321 samples (6.605 s)

(60000, 19)
0
(60, 19, 5, 200)
Extracting EDF parameters from /home/wkim/data/mumtaz/files/MDD S14 EO.edf...
Setting channel info structure...
Creating raw.info structure...
Reading 0 ... 77055  =      0.000 ...   300.996 secs...
['EEG Fp1-LE', 'EEG F3-LE', 'EEG C3-LE', 'EEG P3-LE', 'EEG O1-LE', 'EEG F7-LE', 'EEG T3-LE', 'EEG T5-LE', 'EEG Fz-LE', 'EEG Fp2-LE', 'EEG F4-LE', 'EEG C4-LE', 'EEG P4-LE', 'EEG O2-LE', 'EEG F8-LE', 'EEG T4-LE', 'EEG T6-LE', 'EEG Cz-LE', 'EEG Pz-LE', 'EEG A2-A1']
NOTE: pick_channels() is a legacy function. New code should use inst.pick(...).
['EEG Fp1-LE', 'EEG Fp2-LE', 'EEG F3-LE', 'EEG F4-LE', 'EEG C3-LE', 'EEG C4-LE', 'EEG P3-LE', 'EEG P4-LE', 'EEG O1-LE', 'EEG O2-LE', 'EEG F7-LE', 'EEG F8-LE', 'EEG T3-LE', 'EEG T4-LE', 'EEG T5-LE', 'EEG T6-LE', 'EEG Fz-LE', 'EEG Cz-LE', 'EEG Pz-LE']
Filtering raw data in 1 contiguous segment
Setting up band-pass filter from 0.3 - 75 Hz

FIR filter parameters
---------------------
Designing a one-pass, zero-phase, non-causal bandpass filter:
- Windowed time-domain design (firwin) method
- Hamming window with 0.0194 passband ripple and 53 dB stopband attenuation
- Lower passband edge: 0.30
- Lower transition bandwidth: 0.30 Hz (-6 dB cutoff frequency: 0.15 Hz)
- Upper passband edge: 75.00 Hz
- Upper transition bandwidth: 18.75 Hz (-6 dB cutoff frequency: 84.38 Hz)
- Filter length: 2201 samples (11.005 s)

Filtering raw data in 1 contiguous segment
Setting up band-stop filter from 49 - 51 Hz

FIR filter parameters
---------------------
Designing a one-pass, zero-phase, non-causal bandstop filter:
- Windowed time-domain design (firwin) method
- Hamming window with 0.0194 passband ripple and 53 dB stopband attenuation
- Lower passband edge: 49.38
- Lower transition bandwidth: 0.50 Hz (-6 dB cutoff frequency: 49.12 Hz)
- Upper passband edge: 50.62 Hz
- Upper transition bandwidth: 0.50 Hz (-6 dB cutoff frequency: 50.88 Hz)
- Filter length: 1321 samples (6.605 s)

(60200, 19)
200
(60, 19, 5, 200)
Extracting EDF parameters from /home/wkim/data/mumtaz/files/MDD S15 EC.edf...
Setting channel info structure...
Creating raw.info structure...
Reading 0 ... 76799  =      0.000 ...   299.996 secs...
['EEG Fp1-LE', 'EEG F3-LE', 'EEG C3-LE', 'EEG P3-LE', 'EEG O1-LE', 'EEG F7-LE', 'EEG T3-LE', 'EEG T5-LE', 'EEG Fz-LE', 'EEG Fp2-LE', 'EEG F4-LE', 'EEG C4-LE', 'EEG P4-LE', 'EEG O2-LE', 'EEG F8-LE', 'EEG T4-LE', 'EEG T6-LE', 'EEG Cz-LE', 'EEG Pz-LE', 'EEG A2-A1']
NOTE: pick_channels() is a legacy function. New code should use inst.pick(...).
['EEG Fp1-LE', 'EEG Fp2-LE', 'EEG F3-LE', 'EEG F4-LE', 'EEG C3-LE', 'EEG C4-LE', 'EEG P3-LE', 'EEG P4-LE', 'EEG O1-LE', 'EEG O2-LE', 'EEG F7-LE', 'EEG F8-LE', 'EEG T3-LE', 'EEG T4-LE', 'EEG T5-LE', 'EEG T6-LE', 'EEG Fz-LE', 'EEG Cz-LE', 'EEG Pz-LE']
Filtering raw data in 1 contiguous segment
Setting up band-pass filter from 0.3 - 75 Hz

FIR filter parameters
---------------------
Designing a one-pass, zero-phase, non-causal bandpass filter:
- Windowed time-domain design (firwin) method
- Hamming window with 0.0194 passband ripple and 53 dB stopband attenuation
- Lower passband edge: 0.30
- Lower transition bandwidth: 0.30 Hz (-6 dB cutoff frequency: 0.15 Hz)
- Upper passband edge: 75.00 Hz
- Upper transition bandwidth: 18.75 Hz (-6 dB cutoff frequency: 84.38 Hz)
- Filter length: 2201 samples (11.005 s)

Filtering raw data in 1 contiguous segment
Setting up band-stop filter from 49 - 51 Hz

FIR filter parameters
---------------------
Designing a one-pass, zero-phase, non-causal bandstop filter:
- Windowed time-domain design (firwin) method
- Hamming window with 0.0194 passband ripple and 53 dB stopband attenuation
- Lower passband edge: 49.38
- Lower transition bandwidth: 0.50 Hz (-6 dB cutoff frequency: 49.12 Hz)
- Upper passband edge: 50.62 Hz
- Upper transition bandwidth: 0.50 Hz (-6 dB cutoff frequency: 50.88 Hz)
- Filter length: 1321 samples (6.605 s)

(60000, 19)
0
(60, 19, 5, 200)
Extracting EDF parameters from /home/wkim/data/mumtaz/files/MDD S15 EO.edf...
Setting channel info structure...
Creating raw.info structure...
Reading 0 ... 76799  =      0.000 ...   299.996 secs...
['EEG Fp1-LE', 'EEG F3-LE', 'EEG C3-LE', 'EEG P3-LE', 'EEG O1-LE', 'EEG F7-LE', 'EEG T3-LE', 'EEG T5-LE', 'EEG Fz-LE', 'EEG Fp2-LE', 'EEG F4-LE', 'EEG C4-LE', 'EEG P4-LE', 'EEG O2-LE', 'EEG F8-LE', 'EEG T4-LE', 'EEG T6-LE', 'EEG Cz-LE', 'EEG Pz-LE', 'EEG A2-A1']
NOTE: pick_channels() is a legacy function. New code should use inst.pick(...).
['EEG Fp1-LE', 'EEG Fp2-LE', 'EEG F3-LE', 'EEG F4-LE', 'EEG C3-LE', 'EEG C4-LE', 'EEG P3-LE', 'EEG P4-LE', 'EEG O1-LE', 'EEG O2-LE', 'EEG F7-LE', 'EEG F8-LE', 'EEG T3-LE', 'EEG T4-LE', 'EEG T5-LE', 'EEG T6-LE', 'EEG Fz-LE', 'EEG Cz-LE', 'EEG Pz-LE']
Filtering raw data in 1 contiguous segment
Setting up band-pass filter from 0.3 - 75 Hz

FIR filter parameters
---------------------
Designing a one-pass, zero-phase, non-causal bandpass filter:
- Windowed time-domain design (firwin) method
- Hamming window with 0.0194 passband ripple and 53 dB stopband attenuation
- Lower passband edge: 0.30
- Lower transition bandwidth: 0.30 Hz (-6 dB cutoff frequency: 0.15 Hz)
- Upper passband edge: 75.00 Hz
- Upper transition bandwidth: 18.75 Hz (-6 dB cutoff frequency: 84.38 Hz)
- Filter length: 2201 samples (11.005 s)

Filtering raw data in 1 contiguous segment
Setting up band-stop filter from 49 - 51 Hz

FIR filter parameters
---------------------
Designing a one-pass, zero-phase, non-causal bandstop filter:
- Windowed time-domain design (firwin) method
- Hamming window with 0.0194 passband ripple and 53 dB stopband attenuation
- Lower passband edge: 49.38
- Lower transition bandwidth: 0.50 Hz (-6 dB cutoff frequency: 49.12 Hz)
- Upper passband edge: 50.62 Hz
- Upper transition bandwidth: 0.50 Hz (-6 dB cutoff frequency: 50.88 Hz)
- Filter length: 1321 samples (6.605 s)

(60000, 19)
0
(60, 19, 5, 200)
Extracting EDF parameters from /home/wkim/data/mumtaz/files/MDD S16 EO.edf...
Setting channel info structure...
Creating raw.info structure...
Reading 0 ... 76287  =      0.000 ...   297.996 secs...
['EEG Fp1-LE', 'EEG F3-LE', 'EEG C3-LE', 'EEG P3-LE', 'EEG O1-LE', 'EEG F7-LE', 'EEG T3-LE', 'EEG T5-LE', 'EEG Fz-LE', 'EEG Fp2-LE', 'EEG F4-LE', 'EEG C4-LE', 'EEG P4-LE', 'EEG O2-LE', 'EEG F8-LE', 'EEG T4-LE', 'EEG T6-LE', 'EEG Cz-LE', 'EEG Pz-LE', 'EEG A2-A1']
NOTE: pick_channels() is a legacy function. New code should use inst.pick(...).
['EEG Fp1-LE', 'EEG Fp2-LE', 'EEG F3-LE', 'EEG F4-LE', 'EEG C3-LE', 'EEG C4-LE', 'EEG P3-LE', 'EEG P4-LE', 'EEG O1-LE', 'EEG O2-LE', 'EEG F7-LE', 'EEG F8-LE', 'EEG T3-LE', 'EEG T4-LE', 'EEG T5-LE', 'EEG T6-LE', 'EEG Fz-LE', 'EEG Cz-LE', 'EEG Pz-LE']
Filtering raw data in 1 contiguous segment
Setting up band-pass filter from 0.3 - 75 Hz

FIR filter parameters
---------------------
Designing a one-pass, zero-phase, non-causal bandpass filter:
- Windowed time-domain design (firwin) method
- Hamming window with 0.0194 passband ripple and 53 dB stopband attenuation
- Lower passband edge: 0.30
- Lower transition bandwidth: 0.30 Hz (-6 dB cutoff frequency: 0.15 Hz)
- Upper passband edge: 75.00 Hz
- Upper transition bandwidth: 18.75 Hz (-6 dB cutoff frequency: 84.38 Hz)
- Filter length: 2201 samples (11.005 s)

Filtering raw data in 1 contiguous segment
Setting up band-stop filter from 49 - 51 Hz

FIR filter parameters
---------------------
Designing a one-pass, zero-phase, non-causal bandstop filter:
- Windowed time-domain design (firwin) method
- Hamming window with 0.0194 passband ripple and 53 dB stopband attenuation
- Lower passband edge: 49.38
- Lower transition bandwidth: 0.50 Hz (-6 dB cutoff frequency: 49.12 Hz)
- Upper passband edge: 50.62 Hz
- Upper transition bandwidth: 0.50 Hz (-6 dB cutoff frequency: 50.88 Hz)
- Filter length: 1321 samples (6.605 s)

(59600, 19)
600
(59, 19, 5, 200)
Extracting EDF parameters from /home/wkim/data/mumtaz/files/MDD S17 EC.edf...
Setting channel info structure...
Creating raw.info structure...
Reading 0 ... 76031  =      0.000 ...   296.996 secs...
['EEG Fp1-LE', 'EEG F3-LE', 'EEG C3-LE', 'EEG P3-LE', 'EEG O1-LE', 'EEG F7-LE', 'EEG T3-LE', 'EEG T5-LE', 'EEG Fz-LE', 'EEG Fp2-LE', 'EEG F4-LE', 'EEG C4-LE', 'EEG P4-LE', 'EEG O2-LE', 'EEG F8-LE', 'EEG T4-LE', 'EEG T6-LE', 'EEG Cz-LE', 'EEG Pz-LE', 'EEG A2-A1']
NOTE: pick_channels() is a legacy function. New code should use inst.pick(...).
['EEG Fp1-LE', 'EEG Fp2-LE', 'EEG F3-LE', 'EEG F4-LE', 'EEG C3-LE', 'EEG C4-LE', 'EEG P3-LE', 'EEG P4-LE', 'EEG O1-LE', 'EEG O2-LE', 'EEG F7-LE', 'EEG F8-LE', 'EEG T3-LE', 'EEG T4-LE', 'EEG T5-LE', 'EEG T6-LE', 'EEG Fz-LE', 'EEG Cz-LE', 'EEG Pz-LE']
Filtering raw data in 1 contiguous segment
Setting up band-pass filter from 0.3 - 75 Hz

FIR filter parameters
---------------------
Designing a one-pass, zero-phase, non-causal bandpass filter:
- Windowed time-domain design (firwin) method
- Hamming window with 0.0194 passband ripple and 53 dB stopband attenuation
- Lower passband edge: 0.30
- Lower transition bandwidth: 0.30 Hz (-6 dB cutoff frequency: 0.15 Hz)
- Upper passband edge: 75.00 Hz
- Upper transition bandwidth: 18.75 Hz (-6 dB cutoff frequency: 84.38 Hz)
- Filter length: 2201 samples (11.005 s)

Filtering raw data in 1 contiguous segment
Setting up band-stop filter from 49 - 51 Hz

FIR filter parameters
---------------------
Designing a one-pass, zero-phase, non-causal bandstop filter:
- Windowed time-domain design (firwin) method
- Hamming window with 0.0194 passband ripple and 53 dB stopband attenuation
- Lower passband edge: 49.38
- Lower transition bandwidth: 0.50 Hz (-6 dB cutoff frequency: 49.12 Hz)
- Upper passband edge: 50.62 Hz
- Upper transition bandwidth: 0.50 Hz (-6 dB cutoff frequency: 50.88 Hz)
- Filter length: 1321 samples (6.605 s)

(59400, 19)
400
(59, 19, 5, 200)
Extracting EDF parameters from /home/wkim/data/mumtaz/files/MDD S17 EO.edf...
Setting channel info structure...
Creating raw.info structure...
Reading 0 ... 76543  =      0.000 ...   298.996 secs...
['EEG Fp1-LE', 'EEG F3-LE', 'EEG C3-LE', 'EEG P3-LE', 'EEG O1-LE', 'EEG F7-LE', 'EEG T3-LE', 'EEG T5-LE', 'EEG Fz-LE', 'EEG Fp2-LE', 'EEG F4-LE', 'EEG C4-LE', 'EEG P4-LE', 'EEG O2-LE', 'EEG F8-LE', 'EEG T4-LE', 'EEG T6-LE', 'EEG Cz-LE', 'EEG Pz-LE', 'EEG A2-A1']
NOTE: pick_channels() is a legacy function. New code should use inst.pick(...).
['EEG Fp1-LE', 'EEG Fp2-LE', 'EEG F3-LE', 'EEG F4-LE', 'EEG C3-LE', 'EEG C4-LE', 'EEG P3-LE', 'EEG P4-LE', 'EEG O1-LE', 'EEG O2-LE', 'EEG F7-LE', 'EEG F8-LE', 'EEG T3-LE', 'EEG T4-LE', 'EEG T5-LE', 'EEG T6-LE', 'EEG Fz-LE', 'EEG Cz-LE', 'EEG Pz-LE']
Filtering raw data in 1 contiguous segment
Setting up band-pass filter from 0.3 - 75 Hz

FIR filter parameters
---------------------
Designing a one-pass, zero-phase, non-causal bandpass filter:
- Windowed time-domain design (firwin) method
- Hamming window with 0.0194 passband ripple and 53 dB stopband attenuation
- Lower passband edge: 0.30
- Lower transition bandwidth: 0.30 Hz (-6 dB cutoff frequency: 0.15 Hz)
- Upper passband edge: 75.00 Hz
- Upper transition bandwidth: 18.75 Hz (-6 dB cutoff frequency: 84.38 Hz)
- Filter length: 2201 samples (11.005 s)

Filtering raw data in 1 contiguous segment
Setting up band-stop filter from 49 - 51 Hz

FIR filter parameters
---------------------
Designing a one-pass, zero-phase, non-causal bandstop filter:
- Windowed time-domain design (firwin) method
- Hamming window with 0.0194 passband ripple and 53 dB stopband attenuation
- Lower passband edge: 49.38
- Lower transition bandwidth: 0.50 Hz (-6 dB cutoff frequency: 49.12 Hz)
- Upper passband edge: 50.62 Hz
- Upper transition bandwidth: 0.50 Hz (-6 dB cutoff frequency: 50.88 Hz)
- Filter length: 1321 samples (6.605 s)

(59800, 19)
800
(59, 19, 5, 200)
Extracting EDF parameters from /home/wkim/data/mumtaz/files/MDD S18 EC.edf...
Setting channel info structure...
Creating raw.info structure...
Reading 0 ... 76799  =      0.000 ...   299.996 secs...
['EEG Fp1-LE', 'EEG F3-LE', 'EEG C3-LE', 'EEG P3-LE', 'EEG O1-LE', 'EEG F7-LE', 'EEG T3-LE', 'EEG T5-LE', 'EEG Fz-LE', 'EEG Fp2-LE', 'EEG F4-LE', 'EEG C4-LE', 'EEG P4-LE', 'EEG O2-LE', 'EEG F8-LE', 'EEG T4-LE', 'EEG T6-LE', 'EEG Cz-LE', 'EEG Pz-LE', 'EEG A2-A1']
NOTE: pick_channels() is a legacy function. New code should use inst.pick(...).
['EEG Fp1-LE', 'EEG Fp2-LE', 'EEG F3-LE', 'EEG F4-LE', 'EEG C3-LE', 'EEG C4-LE', 'EEG P3-LE', 'EEG P4-LE', 'EEG O1-LE', 'EEG O2-LE', 'EEG F7-LE', 'EEG F8-LE', 'EEG T3-LE', 'EEG T4-LE', 'EEG T5-LE', 'EEG T6-LE', 'EEG Fz-LE', 'EEG Cz-LE', 'EEG Pz-LE']
Filtering raw data in 1 contiguous segment
Setting up band-pass filter from 0.3 - 75 Hz

FIR filter parameters
---------------------
Designing a one-pass, zero-phase, non-causal bandpass filter:
- Windowed time-domain design (firwin) method
- Hamming window with 0.0194 passband ripple and 53 dB stopband attenuation
- Lower passband edge: 0.30
- Lower transition bandwidth: 0.30 Hz (-6 dB cutoff frequency: 0.15 Hz)
- Upper passband edge: 75.00 Hz
- Upper transition bandwidth: 18.75 Hz (-6 dB cutoff frequency: 84.38 Hz)
- Filter length: 2201 samples (11.005 s)

Filtering raw data in 1 contiguous segment
Setting up band-stop filter from 49 - 51 Hz

FIR filter parameters
---------------------
Designing a one-pass, zero-phase, non-causal bandstop filter:
- Windowed time-domain design (firwin) method
- Hamming window with 0.0194 passband ripple and 53 dB stopband attenuation
- Lower passband edge: 49.38
- Lower transition bandwidth: 0.50 Hz (-6 dB cutoff frequency: 49.12 Hz)
- Upper passband edge: 50.62 Hz
- Upper transition bandwidth: 0.50 Hz (-6 dB cutoff frequency: 50.88 Hz)
- Filter length: 1321 samples (6.605 s)

(60000, 19)
0
(60, 19, 5, 200)
Extracting EDF parameters from /home/wkim/data/mumtaz/files/MDD S18 EO.edf...
Setting channel info structure...
Creating raw.info structure...
Reading 0 ... 77311  =      0.000 ...   301.996 secs...
['EEG Fp1-LE', 'EEG F3-LE', 'EEG C3-LE', 'EEG P3-LE', 'EEG O1-LE', 'EEG F7-LE', 'EEG T3-LE', 'EEG T5-LE', 'EEG Fz-LE', 'EEG Fp2-LE', 'EEG F4-LE', 'EEG C4-LE', 'EEG P4-LE', 'EEG O2-LE', 'EEG F8-LE', 'EEG T4-LE', 'EEG T6-LE', 'EEG Cz-LE', 'EEG Pz-LE', 'EEG A2-A1']
NOTE: pick_channels() is a legacy function. New code should use inst.pick(...).
['EEG Fp1-LE', 'EEG Fp2-LE', 'EEG F3-LE', 'EEG F4-LE', 'EEG C3-LE', 'EEG C4-LE', 'EEG P3-LE', 'EEG P4-LE', 'EEG O1-LE', 'EEG O2-LE', 'EEG F7-LE', 'EEG F8-LE', 'EEG T3-LE', 'EEG T4-LE', 'EEG T5-LE', 'EEG T6-LE', 'EEG Fz-LE', 'EEG Cz-LE', 'EEG Pz-LE']
Filtering raw data in 1 contiguous segment
Setting up band-pass filter from 0.3 - 75 Hz

FIR filter parameters
---------------------
Designing a one-pass, zero-phase, non-causal bandpass filter:
- Windowed time-domain design (firwin) method
- Hamming window with 0.0194 passband ripple and 53 dB stopband attenuation
- Lower passband edge: 0.30
- Lower transition bandwidth: 0.30 Hz (-6 dB cutoff frequency: 0.15 Hz)
- Upper passband edge: 75.00 Hz
- Upper transition bandwidth: 18.75 Hz (-6 dB cutoff frequency: 84.38 Hz)
- Filter length: 2201 samples (11.005 s)

Filtering raw data in 1 contiguous segment
Setting up band-stop filter from 49 - 51 Hz

FIR filter parameters
---------------------
Designing a one-pass, zero-phase, non-causal bandstop filter:
- Windowed time-domain design (firwin) method
- Hamming window with 0.0194 passband ripple and 53 dB stopband attenuation
- Lower passband edge: 49.38
- Lower transition bandwidth: 0.50 Hz (-6 dB cutoff frequency: 49.12 Hz)
- Upper passband edge: 50.62 Hz
- Upper transition bandwidth: 0.50 Hz (-6 dB cutoff frequency: 50.88 Hz)
- Filter length: 1321 samples (6.605 s)

(60400, 19)
400
(60, 19, 5, 200)
Extracting EDF parameters from /home/wkim/data/mumtaz/files/MDD S19 EC.edf...
Setting channel info structure...
Creating raw.info structure...
Reading 0 ... 76543  =      0.000 ...   298.996 secs...
['EEG Fp1-LE', 'EEG F3-LE', 'EEG C3-LE', 'EEG P3-LE', 'EEG O1-LE', 'EEG F7-LE', 'EEG T3-LE', 'EEG T5-LE', 'EEG Fz-LE', 'EEG Fp2-LE', 'EEG F4-LE', 'EEG C4-LE', 'EEG P4-LE', 'EEG O2-LE', 'EEG F8-LE', 'EEG T4-LE', 'EEG T6-LE', 'EEG Cz-LE', 'EEG Pz-LE', 'EEG A2-A1']
NOTE: pick_channels() is a legacy function. New code should use inst.pick(...).
['EEG Fp1-LE', 'EEG Fp2-LE', 'EEG F3-LE', 'EEG F4-LE', 'EEG C3-LE', 'EEG C4-LE', 'EEG P3-LE', 'EEG P4-LE', 'EEG O1-LE', 'EEG O2-LE', 'EEG F7-LE', 'EEG F8-LE', 'EEG T3-LE', 'EEG T4-LE', 'EEG T5-LE', 'EEG T6-LE', 'EEG Fz-LE', 'EEG Cz-LE', 'EEG Pz-LE']
Filtering raw data in 1 contiguous segment
Setting up band-pass filter from 0.3 - 75 Hz

FIR filter parameters
---------------------
Designing a one-pass, zero-phase, non-causal bandpass filter:
- Windowed time-domain design (firwin) method
- Hamming window with 0.0194 passband ripple and 53 dB stopband attenuation
- Lower passband edge: 0.30
- Lower transition bandwidth: 0.30 Hz (-6 dB cutoff frequency: 0.15 Hz)
- Upper passband edge: 75.00 Hz
- Upper transition bandwidth: 18.75 Hz (-6 dB cutoff frequency: 84.38 Hz)
- Filter length: 2201 samples (11.005 s)

Filtering raw data in 1 contiguous segment
Setting up band-stop filter from 49 - 51 Hz

FIR filter parameters
---------------------
Designing a one-pass, zero-phase, non-causal bandstop filter:
- Windowed time-domain design (firwin) method
- Hamming window with 0.0194 passband ripple and 53 dB stopband attenuation
- Lower passband edge: 49.38
- Lower transition bandwidth: 0.50 Hz (-6 dB cutoff frequency: 49.12 Hz)
- Upper passband edge: 50.62 Hz
- Upper transition bandwidth: 0.50 Hz (-6 dB cutoff frequency: 50.88 Hz)
- Filter length: 1321 samples (6.605 s)

(59800, 19)
800
(59, 19, 5, 200)
Extracting EDF parameters from /home/wkim/data/mumtaz/files/MDD S19 EO.edf...
Setting channel info structure...
Creating raw.info structure...
Reading 0 ... 76287  =      0.000 ...   297.996 secs...
['EEG Fp1-LE', 'EEG F3-LE', 'EEG C3-LE', 'EEG P3-LE', 'EEG O1-LE', 'EEG F7-LE', 'EEG T3-LE', 'EEG T5-LE', 'EEG Fz-LE', 'EEG Fp2-LE', 'EEG F4-LE', 'EEG C4-LE', 'EEG P4-LE', 'EEG O2-LE', 'EEG F8-LE', 'EEG T4-LE', 'EEG T6-LE', 'EEG Cz-LE', 'EEG Pz-LE', 'EEG A2-A1']
NOTE: pick_channels() is a legacy function. New code should use inst.pick(...).
['EEG Fp1-LE', 'EEG Fp2-LE', 'EEG F3-LE', 'EEG F4-LE', 'EEG C3-LE', 'EEG C4-LE', 'EEG P3-LE', 'EEG P4-LE', 'EEG O1-LE', 'EEG O2-LE', 'EEG F7-LE', 'EEG F8-LE', 'EEG T3-LE', 'EEG T4-LE', 'EEG T5-LE', 'EEG T6-LE', 'EEG Fz-LE', 'EEG Cz-LE', 'EEG Pz-LE']
Filtering raw data in 1 contiguous segment
Setting up band-pass filter from 0.3 - 75 Hz

FIR filter parameters
---------------------
Designing a one-pass, zero-phase, non-causal bandpass filter:
- Windowed time-domain design (firwin) method
- Hamming window with 0.0194 passband ripple and 53 dB stopband attenuation
- Lower passband edge: 0.30
- Lower transition bandwidth: 0.30 Hz (-6 dB cutoff frequency: 0.15 Hz)
- Upper passband edge: 75.00 Hz
- Upper transition bandwidth: 18.75 Hz (-6 dB cutoff frequency: 84.38 Hz)
- Filter length: 2201 samples (11.005 s)

Filtering raw data in 1 contiguous segment
Setting up band-stop filter from 49 - 51 Hz

FIR filter parameters
---------------------
Designing a one-pass, zero-phase, non-causal bandstop filter:
- Windowed time-domain design (firwin) method
- Hamming window with 0.0194 passband ripple and 53 dB stopband attenuation
- Lower passband edge: 49.38
- Lower transition bandwidth: 0.50 Hz (-6 dB cutoff frequency: 49.12 Hz)
- Upper passband edge: 50.62 Hz
- Upper transition bandwidth: 0.50 Hz (-6 dB cutoff frequency: 50.88 Hz)
- Filter length: 1321 samples (6.605 s)

(59600, 19)
600
(59, 19, 5, 200)
Extracting EDF parameters from /home/wkim/data/mumtaz/files/MDD S2  EC.edf...
Setting channel info structure...
Creating raw.info structure...
Reading 0 ... 76031  =      0.000 ...   296.996 secs...
['EEG Fp1-LE', 'EEG F3-LE', 'EEG C3-LE', 'EEG P3-LE', 'EEG O1-LE', 'EEG F7-LE', 'EEG T3-LE', 'EEG T5-LE', 'EEG Fz-LE', 'EEG Fp2-LE', 'EEG F4-LE', 'EEG C4-LE', 'EEG P4-LE', 'EEG O2-LE', 'EEG F8-LE', 'EEG T4-LE', 'EEG T6-LE', 'EEG Cz-LE', 'EEG Pz-LE', 'EEG A2-A1']
NOTE: pick_channels() is a legacy function. New code should use inst.pick(...).
['EEG Fp1-LE', 'EEG Fp2-LE', 'EEG F3-LE', 'EEG F4-LE', 'EEG C3-LE', 'EEG C4-LE', 'EEG P3-LE', 'EEG P4-LE', 'EEG O1-LE', 'EEG O2-LE', 'EEG F7-LE', 'EEG F8-LE', 'EEG T3-LE', 'EEG T4-LE', 'EEG T5-LE', 'EEG T6-LE', 'EEG Fz-LE', 'EEG Cz-LE', 'EEG Pz-LE']
Filtering raw data in 1 contiguous segment
Setting up band-pass filter from 0.3 - 75 Hz

FIR filter parameters
---------------------
Designing a one-pass, zero-phase, non-causal bandpass filter:
- Windowed time-domain design (firwin) method
- Hamming window with 0.0194 passband ripple and 53 dB stopband attenuation
- Lower passband edge: 0.30
- Lower transition bandwidth: 0.30 Hz (-6 dB cutoff frequency: 0.15 Hz)
- Upper passband edge: 75.00 Hz
- Upper transition bandwidth: 18.75 Hz (-6 dB cutoff frequency: 84.38 Hz)
- Filter length: 2201 samples (11.005 s)

Filtering raw data in 1 contiguous segment
Setting up band-stop filter from 49 - 51 Hz

FIR filter parameters
---------------------
Designing a one-pass, zero-phase, non-causal bandstop filter:
- Windowed time-domain design (firwin) method
- Hamming window with 0.0194 passband ripple and 53 dB stopband attenuation
- Lower passband edge: 49.38
- Lower transition bandwidth: 0.50 Hz (-6 dB cutoff frequency: 49.12 Hz)
- Upper passband edge: 50.62 Hz
- Upper transition bandwidth: 0.50 Hz (-6 dB cutoff frequency: 50.88 Hz)
- Filter length: 1321 samples (6.605 s)

(59400, 19)
400
(59, 19, 5, 200)
Extracting EDF parameters from /home/wkim/data/mumtaz/files/MDD S2 EO.edf...
Setting channel info structure...
Creating raw.info structure...
Reading 0 ... 76031  =      0.000 ...   296.996 secs...
['EEG Fp1-LE', 'EEG F3-LE', 'EEG C3-LE', 'EEG P3-LE', 'EEG O1-LE', 'EEG F7-LE', 'EEG T3-LE', 'EEG T5-LE', 'EEG Fz-LE', 'EEG Fp2-LE', 'EEG F4-LE', 'EEG C4-LE', 'EEG P4-LE', 'EEG O2-LE', 'EEG F8-LE', 'EEG T4-LE', 'EEG T6-LE', 'EEG Cz-LE', 'EEG Pz-LE', 'EEG A2-A1']
NOTE: pick_channels() is a legacy function. New code should use inst.pick(...).
['EEG Fp1-LE', 'EEG Fp2-LE', 'EEG F3-LE', 'EEG F4-LE', 'EEG C3-LE', 'EEG C4-LE', 'EEG P3-LE', 'EEG P4-LE', 'EEG O1-LE', 'EEG O2-LE', 'EEG F7-LE', 'EEG F8-LE', 'EEG T3-LE', 'EEG T4-LE', 'EEG T5-LE', 'EEG T6-LE', 'EEG Fz-LE', 'EEG Cz-LE', 'EEG Pz-LE']
Filtering raw data in 1 contiguous segment
Setting up band-pass filter from 0.3 - 75 Hz

FIR filter parameters
---------------------
Designing a one-pass, zero-phase, non-causal bandpass filter:
- Windowed time-domain design (firwin) method
- Hamming window with 0.0194 passband ripple and 53 dB stopband attenuation
- Lower passband edge: 0.30
- Lower transition bandwidth: 0.30 Hz (-6 dB cutoff frequency: 0.15 Hz)
- Upper passband edge: 75.00 Hz
- Upper transition bandwidth: 18.75 Hz (-6 dB cutoff frequency: 84.38 Hz)
- Filter length: 2201 samples (11.005 s)

Filtering raw data in 1 contiguous segment
Setting up band-stop filter from 49 - 51 Hz

FIR filter parameters
---------------------
Designing a one-pass, zero-phase, non-causal bandstop filter:
- Windowed time-domain design (firwin) method
- Hamming window with 0.0194 passband ripple and 53 dB stopband attenuation
- Lower passband edge: 49.38
- Lower transition bandwidth: 0.50 Hz (-6 dB cutoff frequency: 49.12 Hz)
- Upper passband edge: 50.62 Hz
- Upper transition bandwidth: 0.50 Hz (-6 dB cutoff frequency: 50.88 Hz)
- Filter length: 1321 samples (6.605 s)

(59400, 19)
400
(59, 19, 5, 200)
Extracting EDF parameters from /home/wkim/data/mumtaz/files/MDD S20 EC.edf...
Setting channel info structure...
Creating raw.info structure...
Reading 0 ... 76543  =      0.000 ...   298.996 secs...
['EEG Fp1-LE', 'EEG F3-LE', 'EEG C3-LE', 'EEG P3-LE', 'EEG O1-LE', 'EEG F7-LE', 'EEG T3-LE', 'EEG T5-LE', 'EEG Fz-LE', 'EEG Fp2-LE', 'EEG F4-LE', 'EEG C4-LE', 'EEG P4-LE', 'EEG O2-LE', 'EEG F8-LE', 'EEG T4-LE', 'EEG T6-LE', 'EEG Cz-LE', 'EEG Pz-LE', 'EEG A2-A1']
NOTE: pick_channels() is a legacy function. New code should use inst.pick(...).
['EEG Fp1-LE', 'EEG Fp2-LE', 'EEG F3-LE', 'EEG F4-LE', 'EEG C3-LE', 'EEG C4-LE', 'EEG P3-LE', 'EEG P4-LE', 'EEG O1-LE', 'EEG O2-LE', 'EEG F7-LE', 'EEG F8-LE', 'EEG T3-LE', 'EEG T4-LE', 'EEG T5-LE', 'EEG T6-LE', 'EEG Fz-LE', 'EEG Cz-LE', 'EEG Pz-LE']
Filtering raw data in 1 contiguous segment
Setting up band-pass filter from 0.3 - 75 Hz

FIR filter parameters
---------------------
Designing a one-pass, zero-phase, non-causal bandpass filter:
- Windowed time-domain design (firwin) method
- Hamming window with 0.0194 passband ripple and 53 dB stopband attenuation
- Lower passband edge: 0.30
- Lower transition bandwidth: 0.30 Hz (-6 dB cutoff frequency: 0.15 Hz)
- Upper passband edge: 75.00 Hz
- Upper transition bandwidth: 18.75 Hz (-6 dB cutoff frequency: 84.38 Hz)
- Filter length: 2201 samples (11.005 s)

Filtering raw data in 1 contiguous segment
Setting up band-stop filter from 49 - 51 Hz

FIR filter parameters
---------------------
Designing a one-pass, zero-phase, non-causal bandstop filter:
- Windowed time-domain design (firwin) method
- Hamming window with 0.0194 passband ripple and 53 dB stopband attenuation
- Lower passband edge: 49.38
- Lower transition bandwidth: 0.50 Hz (-6 dB cutoff frequency: 49.12 Hz)
- Upper passband edge: 50.62 Hz
- Upper transition bandwidth: 0.50 Hz (-6 dB cutoff frequency: 50.88 Hz)
- Filter length: 1321 samples (6.605 s)

(59800, 19)
800
(59, 19, 5, 200)
Extracting EDF parameters from /home/wkim/data/mumtaz/files/MDD S20 EO.edf...
Setting channel info structure...
Creating raw.info structure...
Reading 0 ... 77311  =      0.000 ...   301.996 secs...
['EEG Fp1-LE', 'EEG F3-LE', 'EEG C3-LE', 'EEG P3-LE', 'EEG O1-LE', 'EEG F7-LE', 'EEG T3-LE', 'EEG T5-LE', 'EEG Fz-LE', 'EEG Fp2-LE', 'EEG F4-LE', 'EEG C4-LE', 'EEG P4-LE', 'EEG O2-LE', 'EEG F8-LE', 'EEG T4-LE', 'EEG T6-LE', 'EEG Cz-LE', 'EEG Pz-LE', 'EEG A2-A1']
NOTE: pick_channels() is a legacy function. New code should use inst.pick(...).
['EEG Fp1-LE', 'EEG Fp2-LE', 'EEG F3-LE', 'EEG F4-LE', 'EEG C3-LE', 'EEG C4-LE', 'EEG P3-LE', 'EEG P4-LE', 'EEG O1-LE', 'EEG O2-LE', 'EEG F7-LE', 'EEG F8-LE', 'EEG T3-LE', 'EEG T4-LE', 'EEG T5-LE', 'EEG T6-LE', 'EEG Fz-LE', 'EEG Cz-LE', 'EEG Pz-LE']
Filtering raw data in 1 contiguous segment
Setting up band-pass filter from 0.3 - 75 Hz

FIR filter parameters
---------------------
Designing a one-pass, zero-phase, non-causal bandpass filter:
- Windowed time-domain design (firwin) method
- Hamming window with 0.0194 passband ripple and 53 dB stopband attenuation
- Lower passband edge: 0.30
- Lower transition bandwidth: 0.30 Hz (-6 dB cutoff frequency: 0.15 Hz)
- Upper passband edge: 75.00 Hz
- Upper transition bandwidth: 18.75 Hz (-6 dB cutoff frequency: 84.38 Hz)
- Filter length: 2201 samples (11.005 s)

Filtering raw data in 1 contiguous segment
Setting up band-stop filter from 49 - 51 Hz

FIR filter parameters
---------------------
Designing a one-pass, zero-phase, non-causal bandstop filter:
- Windowed time-domain design (firwin) method
- Hamming window with 0.0194 passband ripple and 53 dB stopband attenuation
- Lower passband edge: 49.38
- Lower transition bandwidth: 0.50 Hz (-6 dB cutoff frequency: 49.12 Hz)
- Upper passband edge: 50.62 Hz
- Upper transition bandwidth: 0.50 Hz (-6 dB cutoff frequency: 50.88 Hz)
- Filter length: 1321 samples (6.605 s)

(60400, 19)
400
(60, 19, 5, 200)
Extracting EDF parameters from /home/wkim/data/mumtaz/files/MDD S21 EC.edf...
Setting channel info structure...
Creating raw.info structure...
Reading 0 ... 76799  =      0.000 ...   299.996 secs...
['EEG Fp1-LE', 'EEG F3-LE', 'EEG C3-LE', 'EEG P3-LE', 'EEG O1-LE', 'EEG F7-LE', 'EEG T3-LE', 'EEG T5-LE', 'EEG Fz-LE', 'EEG Fp2-LE', 'EEG F4-LE', 'EEG C4-LE', 'EEG P4-LE', 'EEG O2-LE', 'EEG F8-LE', 'EEG T4-LE', 'EEG T6-LE', 'EEG Cz-LE', 'EEG Pz-LE', 'EEG A2-A1']
NOTE: pick_channels() is a legacy function. New code should use inst.pick(...).
['EEG Fp1-LE', 'EEG Fp2-LE', 'EEG F3-LE', 'EEG F4-LE', 'EEG C3-LE', 'EEG C4-LE', 'EEG P3-LE', 'EEG P4-LE', 'EEG O1-LE', 'EEG O2-LE', 'EEG F7-LE', 'EEG F8-LE', 'EEG T3-LE', 'EEG T4-LE', 'EEG T5-LE', 'EEG T6-LE', 'EEG Fz-LE', 'EEG Cz-LE', 'EEG Pz-LE']
Filtering raw data in 1 contiguous segment
Setting up band-pass filter from 0.3 - 75 Hz

FIR filter parameters
---------------------
Designing a one-pass, zero-phase, non-causal bandpass filter:
- Windowed time-domain design (firwin) method
- Hamming window with 0.0194 passband ripple and 53 dB stopband attenuation
- Lower passband edge: 0.30
- Lower transition bandwidth: 0.30 Hz (-6 dB cutoff frequency: 0.15 Hz)
- Upper passband edge: 75.00 Hz
- Upper transition bandwidth: 18.75 Hz (-6 dB cutoff frequency: 84.38 Hz)
- Filter length: 2201 samples (11.005 s)

Filtering raw data in 1 contiguous segment
Setting up band-stop filter from 49 - 51 Hz

FIR filter parameters
---------------------
Designing a one-pass, zero-phase, non-causal bandstop filter:
- Windowed time-domain design (firwin) method
- Hamming window with 0.0194 passband ripple and 53 dB stopband attenuation
- Lower passband edge: 49.38
- Lower transition bandwidth: 0.50 Hz (-6 dB cutoff frequency: 49.12 Hz)
- Upper passband edge: 50.62 Hz
- Upper transition bandwidth: 0.50 Hz (-6 dB cutoff frequency: 50.88 Hz)
- Filter length: 1321 samples (6.605 s)

(60000, 19)
0
(60, 19, 5, 200)
Extracting EDF parameters from /home/wkim/data/mumtaz/files/MDD S21 EO.edf...
Setting channel info structure...
Creating raw.info structure...
Reading 0 ... 76799  =      0.000 ...   299.996 secs...
['EEG Fp1-LE', 'EEG F3-LE', 'EEG C3-LE', 'EEG P3-LE', 'EEG O1-LE', 'EEG F7-LE', 'EEG T3-LE', 'EEG T5-LE', 'EEG Fz-LE', 'EEG Fp2-LE', 'EEG F4-LE', 'EEG C4-LE', 'EEG P4-LE', 'EEG O2-LE', 'EEG F8-LE', 'EEG T4-LE', 'EEG T6-LE', 'EEG Cz-LE', 'EEG Pz-LE', 'EEG A2-A1']
NOTE: pick_channels() is a legacy function. New code should use inst.pick(...).
['EEG Fp1-LE', 'EEG Fp2-LE', 'EEG F3-LE', 'EEG F4-LE', 'EEG C3-LE', 'EEG C4-LE', 'EEG P3-LE', 'EEG P4-LE', 'EEG O1-LE', 'EEG O2-LE', 'EEG F7-LE', 'EEG F8-LE', 'EEG T3-LE', 'EEG T4-LE', 'EEG T5-LE', 'EEG T6-LE', 'EEG Fz-LE', 'EEG Cz-LE', 'EEG Pz-LE']
Filtering raw data in 1 contiguous segment
Setting up band-pass filter from 0.3 - 75 Hz

FIR filter parameters
---------------------
Designing a one-pass, zero-phase, non-causal bandpass filter:
- Windowed time-domain design (firwin) method
- Hamming window with 0.0194 passband ripple and 53 dB stopband attenuation
- Lower passband edge: 0.30
- Lower transition bandwidth: 0.30 Hz (-6 dB cutoff frequency: 0.15 Hz)
- Upper passband edge: 75.00 Hz
- Upper transition bandwidth: 18.75 Hz (-6 dB cutoff frequency: 84.38 Hz)
- Filter length: 2201 samples (11.005 s)

Filtering raw data in 1 contiguous segment
Setting up band-stop filter from 49 - 51 Hz

FIR filter parameters
---------------------
Designing a one-pass, zero-phase, non-causal bandstop filter:
- Windowed time-domain design (firwin) method
- Hamming window with 0.0194 passband ripple and 53 dB stopband attenuation
- Lower passband edge: 49.38
- Lower transition bandwidth: 0.50 Hz (-6 dB cutoff frequency: 49.12 Hz)
- Upper passband edge: 50.62 Hz
- Upper transition bandwidth: 0.50 Hz (-6 dB cutoff frequency: 50.88 Hz)
- Filter length: 1321 samples (6.605 s)

(60000, 19)
0
(60, 19, 5, 200)
Extracting EDF parameters from /home/wkim/data/mumtaz/files/MDD S22 EC.edf...
Setting channel info structure...
Creating raw.info structure...
Reading 0 ... 76031  =      0.000 ...   296.996 secs...
['EEG Fp1-LE', 'EEG F3-LE', 'EEG C3-LE', 'EEG P3-LE', 'EEG O1-LE', 'EEG F7-LE', 'EEG T3-LE', 'EEG T5-LE', 'EEG Fz-LE', 'EEG Fp2-LE', 'EEG F4-LE', 'EEG C4-LE', 'EEG P4-LE', 'EEG O2-LE', 'EEG F8-LE', 'EEG T4-LE', 'EEG T6-LE', 'EEG Cz-LE', 'EEG Pz-LE', 'EEG A2-A1']
NOTE: pick_channels() is a legacy function. New code should use inst.pick(...).
['EEG Fp1-LE', 'EEG Fp2-LE', 'EEG F3-LE', 'EEG F4-LE', 'EEG C3-LE', 'EEG C4-LE', 'EEG P3-LE', 'EEG P4-LE', 'EEG O1-LE', 'EEG O2-LE', 'EEG F7-LE', 'EEG F8-LE', 'EEG T3-LE', 'EEG T4-LE', 'EEG T5-LE', 'EEG T6-LE', 'EEG Fz-LE', 'EEG Cz-LE', 'EEG Pz-LE']
Filtering raw data in 1 contiguous segment
Setting up band-pass filter from 0.3 - 75 Hz

FIR filter parameters
---------------------
Designing a one-pass, zero-phase, non-causal bandpass filter:
- Windowed time-domain design (firwin) method
- Hamming window with 0.0194 passband ripple and 53 dB stopband attenuation
- Lower passband edge: 0.30
- Lower transition bandwidth: 0.30 Hz (-6 dB cutoff frequency: 0.15 Hz)
- Upper passband edge: 75.00 Hz
- Upper transition bandwidth: 18.75 Hz (-6 dB cutoff frequency: 84.38 Hz)
- Filter length: 2201 samples (11.005 s)

Filtering raw data in 1 contiguous segment
Setting up band-stop filter from 49 - 51 Hz

FIR filter parameters
---------------------
Designing a one-pass, zero-phase, non-causal bandstop filter:
- Windowed time-domain design (firwin) method
- Hamming window with 0.0194 passband ripple and 53 dB stopband attenuation
- Lower passband edge: 49.38
- Lower transition bandwidth: 0.50 Hz (-6 dB cutoff frequency: 49.12 Hz)
- Upper passband edge: 50.62 Hz
- Upper transition bandwidth: 0.50 Hz (-6 dB cutoff frequency: 50.88 Hz)
- Filter length: 1321 samples (6.605 s)

(59400, 19)
400
(59, 19, 5, 200)
Extracting EDF parameters from /home/wkim/data/mumtaz/files/MDD S22 EO.edf...
Setting channel info structure...
Creating raw.info structure...
Reading 0 ... 76031  =      0.000 ...   296.996 secs...
['EEG Fp1-LE', 'EEG F3-LE', 'EEG C3-LE', 'EEG P3-LE', 'EEG O1-LE', 'EEG F7-LE', 'EEG T3-LE', 'EEG T5-LE', 'EEG Fz-LE', 'EEG Fp2-LE', 'EEG F4-LE', 'EEG C4-LE', 'EEG P4-LE', 'EEG O2-LE', 'EEG F8-LE', 'EEG T4-LE', 'EEG T6-LE', 'EEG Cz-LE', 'EEG Pz-LE', 'EEG A2-A1']
NOTE: pick_channels() is a legacy function. New code should use inst.pick(...).
['EEG Fp1-LE', 'EEG Fp2-LE', 'EEG F3-LE', 'EEG F4-LE', 'EEG C3-LE', 'EEG C4-LE', 'EEG P3-LE', 'EEG P4-LE', 'EEG O1-LE', 'EEG O2-LE', 'EEG F7-LE', 'EEG F8-LE', 'EEG T3-LE', 'EEG T4-LE', 'EEG T5-LE', 'EEG T6-LE', 'EEG Fz-LE', 'EEG Cz-LE', 'EEG Pz-LE']
Filtering raw data in 1 contiguous segment
Setting up band-pass filter from 0.3 - 75 Hz

FIR filter parameters
---------------------
Designing a one-pass, zero-phase, non-causal bandpass filter:
- Windowed time-domain design (firwin) method
- Hamming window with 0.0194 passband ripple and 53 dB stopband attenuation
- Lower passband edge: 0.30
- Lower transition bandwidth: 0.30 Hz (-6 dB cutoff frequency: 0.15 Hz)
- Upper passband edge: 75.00 Hz
- Upper transition bandwidth: 18.75 Hz (-6 dB cutoff frequency: 84.38 Hz)
- Filter length: 2201 samples (11.005 s)

Filtering raw data in 1 contiguous segment
Setting up band-stop filter from 49 - 51 Hz

FIR filter parameters
---------------------
Designing a one-pass, zero-phase, non-causal bandstop filter:
- Windowed time-domain design (firwin) method
- Hamming window with 0.0194 passband ripple and 53 dB stopband attenuation
- Lower passband edge: 49.38
- Lower transition bandwidth: 0.50 Hz (-6 dB cutoff frequency: 49.12 Hz)
- Upper passband edge: 50.62 Hz
- Upper transition bandwidth: 0.50 Hz (-6 dB cutoff frequency: 50.88 Hz)
- Filter length: 1321 samples (6.605 s)

(59400, 19)
400
(59, 19, 5, 200)
Extracting EDF parameters from /home/wkim/data/mumtaz/files/MDD S23 EC.edf...
Setting channel info structure...
Creating raw.info structure...
Reading 0 ... 77567  =      0.000 ...   302.996 secs...
['EEG Fp1-LE', 'EEG F3-LE', 'EEG C3-LE', 'EEG P3-LE', 'EEG O1-LE', 'EEG F7-LE', 'EEG T3-LE', 'EEG T5-LE', 'EEG Fz-LE', 'EEG Fp2-LE', 'EEG F4-LE', 'EEG C4-LE', 'EEG P4-LE', 'EEG O2-LE', 'EEG F8-LE', 'EEG T4-LE', 'EEG T6-LE', 'EEG Cz-LE', 'EEG Pz-LE', 'EEG A2-A1']
NOTE: pick_channels() is a legacy function. New code should use inst.pick(...).
['EEG Fp1-LE', 'EEG Fp2-LE', 'EEG F3-LE', 'EEG F4-LE', 'EEG C3-LE', 'EEG C4-LE', 'EEG P3-LE', 'EEG P4-LE', 'EEG O1-LE', 'EEG O2-LE', 'EEG F7-LE', 'EEG F8-LE', 'EEG T3-LE', 'EEG T4-LE', 'EEG T5-LE', 'EEG T6-LE', 'EEG Fz-LE', 'EEG Cz-LE', 'EEG Pz-LE']
Filtering raw data in 1 contiguous segment
Setting up band-pass filter from 0.3 - 75 Hz

FIR filter parameters
---------------------
Designing a one-pass, zero-phase, non-causal bandpass filter:
- Windowed time-domain design (firwin) method
- Hamming window with 0.0194 passband ripple and 53 dB stopband attenuation
- Lower passband edge: 0.30
- Lower transition bandwidth: 0.30 Hz (-6 dB cutoff frequency: 0.15 Hz)
- Upper passband edge: 75.00 Hz
- Upper transition bandwidth: 18.75 Hz (-6 dB cutoff frequency: 84.38 Hz)
- Filter length: 2201 samples (11.005 s)

Filtering raw data in 1 contiguous segment
Setting up band-stop filter from 49 - 51 Hz

FIR filter parameters
---------------------
Designing a one-pass, zero-phase, non-causal bandstop filter:
- Windowed time-domain design (firwin) method
- Hamming window with 0.0194 passband ripple and 53 dB stopband attenuation
- Lower passband edge: 49.38
- Lower transition bandwidth: 0.50 Hz (-6 dB cutoff frequency: 49.12 Hz)
- Upper passband edge: 50.62 Hz
- Upper transition bandwidth: 0.50 Hz (-6 dB cutoff frequency: 50.88 Hz)
- Filter length: 1321 samples (6.605 s)

(60600, 19)
600
(60, 19, 5, 200)
Extracting EDF parameters from /home/wkim/data/mumtaz/files/MDD S23 EO.edf...
Setting channel info structure...
Creating raw.info structure...
Reading 0 ... 78591  =      0.000 ...   306.996 secs...
['EEG Fp1-LE', 'EEG F3-LE', 'EEG C3-LE', 'EEG P3-LE', 'EEG O1-LE', 'EEG F7-LE', 'EEG T3-LE', 'EEG T5-LE', 'EEG Fz-LE', 'EEG Fp2-LE', 'EEG F4-LE', 'EEG C4-LE', 'EEG P4-LE', 'EEG O2-LE', 'EEG F8-LE', 'EEG T4-LE', 'EEG T6-LE', 'EEG Cz-LE', 'EEG Pz-LE', 'EEG A2-A1']
NOTE: pick_channels() is a legacy function. New code should use inst.pick(...).
['EEG Fp1-LE', 'EEG Fp2-LE', 'EEG F3-LE', 'EEG F4-LE', 'EEG C3-LE', 'EEG C4-LE', 'EEG P3-LE', 'EEG P4-LE', 'EEG O1-LE', 'EEG O2-LE', 'EEG F7-LE', 'EEG F8-LE', 'EEG T3-LE', 'EEG T4-LE', 'EEG T5-LE', 'EEG T6-LE', 'EEG Fz-LE', 'EEG Cz-LE', 'EEG Pz-LE']
Filtering raw data in 1 contiguous segment
Setting up band-pass filter from 0.3 - 75 Hz

FIR filter parameters
---------------------
Designing a one-pass, zero-phase, non-causal bandpass filter:
- Windowed time-domain design (firwin) method
- Hamming window with 0.0194 passband ripple and 53 dB stopband attenuation
- Lower passband edge: 0.30
- Lower transition bandwidth: 0.30 Hz (-6 dB cutoff frequency: 0.15 Hz)
- Upper passband edge: 75.00 Hz
- Upper transition bandwidth: 18.75 Hz (-6 dB cutoff frequency: 84.38 Hz)
- Filter length: 2201 samples (11.005 s)

Filtering raw data in 1 contiguous segment
Setting up band-stop filter from 49 - 51 Hz

FIR filter parameters
---------------------
Designing a one-pass, zero-phase, non-causal bandstop filter:
- Windowed time-domain design (firwin) method
- Hamming window with 0.0194 passband ripple and 53 dB stopband attenuation
- Lower passband edge: 49.38
- Lower transition bandwidth: 0.50 Hz (-6 dB cutoff frequency: 49.12 Hz)
- Upper passband edge: 50.62 Hz
- Upper transition bandwidth: 0.50 Hz (-6 dB cutoff frequency: 50.88 Hz)
- Filter length: 1321 samples (6.605 s)

(61400, 19)
400
(61, 19, 5, 200)
Extracting EDF parameters from /home/wkim/data/mumtaz/files/MDD S24  EC.edf...
Setting channel info structure...
Creating raw.info structure...
Reading 0 ... 77055  =      0.000 ...   300.996 secs...
['EEG Fp1-LE', 'EEG F3-LE', 'EEG C3-LE', 'EEG P3-LE', 'EEG O1-LE', 'EEG F7-LE', 'EEG T3-LE', 'EEG T5-LE', 'EEG Fz-LE', 'EEG Fp2-LE', 'EEG F4-LE', 'EEG C4-LE', 'EEG P4-LE', 'EEG O2-LE', 'EEG F8-LE', 'EEG T4-LE', 'EEG T6-LE', 'EEG Cz-LE', 'EEG Pz-LE', 'EEG A2-A1']
NOTE: pick_channels() is a legacy function. New code should use inst.pick(...).
['EEG Fp1-LE', 'EEG Fp2-LE', 'EEG F3-LE', 'EEG F4-LE', 'EEG C3-LE', 'EEG C4-LE', 'EEG P3-LE', 'EEG P4-LE', 'EEG O1-LE', 'EEG O2-LE', 'EEG F7-LE', 'EEG F8-LE', 'EEG T3-LE', 'EEG T4-LE', 'EEG T5-LE', 'EEG T6-LE', 'EEG Fz-LE', 'EEG Cz-LE', 'EEG Pz-LE']
Filtering raw data in 1 contiguous segment
Setting up band-pass filter from 0.3 - 75 Hz

FIR filter parameters
---------------------
Designing a one-pass, zero-phase, non-causal bandpass filter:
- Windowed time-domain design (firwin) method
- Hamming window with 0.0194 passband ripple and 53 dB stopband attenuation
- Lower passband edge: 0.30
- Lower transition bandwidth: 0.30 Hz (-6 dB cutoff frequency: 0.15 Hz)
- Upper passband edge: 75.00 Hz
- Upper transition bandwidth: 18.75 Hz (-6 dB cutoff frequency: 84.38 Hz)
- Filter length: 2201 samples (11.005 s)

Filtering raw data in 1 contiguous segment
Setting up band-stop filter from 49 - 51 Hz

FIR filter parameters
---------------------
Designing a one-pass, zero-phase, non-causal bandstop filter:
- Windowed time-domain design (firwin) method
- Hamming window with 0.0194 passband ripple and 53 dB stopband attenuation
- Lower passband edge: 49.38
- Lower transition bandwidth: 0.50 Hz (-6 dB cutoff frequency: 49.12 Hz)
- Upper passband edge: 50.62 Hz
- Upper transition bandwidth: 0.50 Hz (-6 dB cutoff frequency: 50.88 Hz)
- Filter length: 1321 samples (6.605 s)

(60200, 19)
200
(60, 19, 5, 200)
Extracting EDF parameters from /home/wkim/data/mumtaz/files/MDD S24 EO.edf...
Setting channel info structure...
Creating raw.info structure...
Reading 0 ... 76799  =      0.000 ...   299.996 secs...
['EEG Fp1-LE', 'EEG F3-LE', 'EEG C3-LE', 'EEG P3-LE', 'EEG O1-LE', 'EEG F7-LE', 'EEG T3-LE', 'EEG T5-LE', 'EEG Fz-LE', 'EEG Fp2-LE', 'EEG F4-LE', 'EEG C4-LE', 'EEG P4-LE', 'EEG O2-LE', 'EEG F8-LE', 'EEG T4-LE', 'EEG T6-LE', 'EEG Cz-LE', 'EEG Pz-LE', 'EEG A2-A1']
NOTE: pick_channels() is a legacy function. New code should use inst.pick(...).
['EEG Fp1-LE', 'EEG Fp2-LE', 'EEG F3-LE', 'EEG F4-LE', 'EEG C3-LE', 'EEG C4-LE', 'EEG P3-LE', 'EEG P4-LE', 'EEG O1-LE', 'EEG O2-LE', 'EEG F7-LE', 'EEG F8-LE', 'EEG T3-LE', 'EEG T4-LE', 'EEG T5-LE', 'EEG T6-LE', 'EEG Fz-LE', 'EEG Cz-LE', 'EEG Pz-LE']
Filtering raw data in 1 contiguous segment
Setting up band-pass filter from 0.3 - 75 Hz

FIR filter parameters
---------------------
Designing a one-pass, zero-phase, non-causal bandpass filter:
- Windowed time-domain design (firwin) method
- Hamming window with 0.0194 passband ripple and 53 dB stopband attenuation
- Lower passband edge: 0.30
- Lower transition bandwidth: 0.30 Hz (-6 dB cutoff frequency: 0.15 Hz)
- Upper passband edge: 75.00 Hz
- Upper transition bandwidth: 18.75 Hz (-6 dB cutoff frequency: 84.38 Hz)
- Filter length: 2201 samples (11.005 s)

Filtering raw data in 1 contiguous segment
Setting up band-stop filter from 49 - 51 Hz

FIR filter parameters
---------------------
Designing a one-pass, zero-phase, non-causal bandstop filter:
- Windowed time-domain design (firwin) method
- Hamming window with 0.0194 passband ripple and 53 dB stopband attenuation
- Lower passband edge: 49.38
- Lower transition bandwidth: 0.50 Hz (-6 dB cutoff frequency: 49.12 Hz)
- Upper passband edge: 50.62 Hz
- Upper transition bandwidth: 0.50 Hz (-6 dB cutoff frequency: 50.88 Hz)
- Filter length: 1321 samples (6.605 s)

(60000, 19)
0
(60, 19, 5, 200)
Extracting EDF parameters from /home/wkim/data/mumtaz/files/MDD S25 EC.edf...
Setting channel info structure...
Creating raw.info structure...
Reading 0 ... 76799  =      0.000 ...   299.996 secs...
['EEG Fp1-LE', 'EEG F3-LE', 'EEG C3-LE', 'EEG P3-LE', 'EEG O1-LE', 'EEG F7-LE', 'EEG T3-LE', 'EEG T5-LE', 'EEG Fz-LE', 'EEG Fp2-LE', 'EEG F4-LE', 'EEG C4-LE', 'EEG P4-LE', 'EEG O2-LE', 'EEG F8-LE', 'EEG T4-LE', 'EEG T6-LE', 'EEG Cz-LE', 'EEG Pz-LE', 'EEG A2-A1']
NOTE: pick_channels() is a legacy function. New code should use inst.pick(...).
['EEG Fp1-LE', 'EEG Fp2-LE', 'EEG F3-LE', 'EEG F4-LE', 'EEG C3-LE', 'EEG C4-LE', 'EEG P3-LE', 'EEG P4-LE', 'EEG O1-LE', 'EEG O2-LE', 'EEG F7-LE', 'EEG F8-LE', 'EEG T3-LE', 'EEG T4-LE', 'EEG T5-LE', 'EEG T6-LE', 'EEG Fz-LE', 'EEG Cz-LE', 'EEG Pz-LE']
Filtering raw data in 1 contiguous segment
Setting up band-pass filter from 0.3 - 75 Hz

FIR filter parameters
---------------------
Designing a one-pass, zero-phase, non-causal bandpass filter:
- Windowed time-domain design (firwin) method
- Hamming window with 0.0194 passband ripple and 53 dB stopband attenuation
- Lower passband edge: 0.30
- Lower transition bandwidth: 0.30 Hz (-6 dB cutoff frequency: 0.15 Hz)
- Upper passband edge: 75.00 Hz
- Upper transition bandwidth: 18.75 Hz (-6 dB cutoff frequency: 84.38 Hz)
- Filter length: 2201 samples (11.005 s)

Filtering raw data in 1 contiguous segment
Setting up band-stop filter from 49 - 51 Hz

FIR filter parameters
---------------------
Designing a one-pass, zero-phase, non-causal bandstop filter:
- Windowed time-domain design (firwin) method
- Hamming window with 0.0194 passband ripple and 53 dB stopband attenuation
- Lower passband edge: 49.38
- Lower transition bandwidth: 0.50 Hz (-6 dB cutoff frequency: 49.12 Hz)
- Upper passband edge: 50.62 Hz
- Upper transition bandwidth: 0.50 Hz (-6 dB cutoff frequency: 50.88 Hz)
- Filter length: 1321 samples (6.605 s)

(60000, 19)
0
(60, 19, 5, 200)
Extracting EDF parameters from /home/wkim/data/mumtaz/files/MDD S25 EO.edf...
Setting channel info structure...
Creating raw.info structure...
Reading 0 ... 76799  =      0.000 ...   299.996 secs...
['EEG Fp1-LE', 'EEG F3-LE', 'EEG C3-LE', 'EEG P3-LE', 'EEG O1-LE', 'EEG F7-LE', 'EEG T3-LE', 'EEG T5-LE', 'EEG Fz-LE', 'EEG Fp2-LE', 'EEG F4-LE', 'EEG C4-LE', 'EEG P4-LE', 'EEG O2-LE', 'EEG F8-LE', 'EEG T4-LE', 'EEG T6-LE', 'EEG Cz-LE', 'EEG Pz-LE', 'EEG A2-A1', 'EEG 23A-23R', 'EEG 24A-24R']
NOTE: pick_channels() is a legacy function. New code should use inst.pick(...).
['EEG Fp1-LE', 'EEG Fp2-LE', 'EEG F3-LE', 'EEG F4-LE', 'EEG C3-LE', 'EEG C4-LE', 'EEG P3-LE', 'EEG P4-LE', 'EEG O1-LE', 'EEG O2-LE', 'EEG F7-LE', 'EEG F8-LE', 'EEG T3-LE', 'EEG T4-LE', 'EEG T5-LE', 'EEG T6-LE', 'EEG Fz-LE', 'EEG Cz-LE', 'EEG Pz-LE']
Filtering raw data in 1 contiguous segment
Setting up band-pass filter from 0.3 - 75 Hz

FIR filter parameters
---------------------
Designing a one-pass, zero-phase, non-causal bandpass filter:
- Windowed time-domain design (firwin) method
- Hamming window with 0.0194 passband ripple and 53 dB stopband attenuation
- Lower passband edge: 0.30
- Lower transition bandwidth: 0.30 Hz (-6 dB cutoff frequency: 0.15 Hz)
- Upper passband edge: 75.00 Hz
- Upper transition bandwidth: 18.75 Hz (-6 dB cutoff frequency: 84.38 Hz)
- Filter length: 2201 samples (11.005 s)

Filtering raw data in 1 contiguous segment
Setting up band-stop filter from 49 - 51 Hz

FIR filter parameters
---------------------
Designing a one-pass, zero-phase, non-causal bandstop filter:
- Windowed time-domain design (firwin) method
- Hamming window with 0.0194 passband ripple and 53 dB stopband attenuation
- Lower passband edge: 49.38
- Lower transition bandwidth: 0.50 Hz (-6 dB cutoff frequency: 49.12 Hz)
- Upper passband edge: 50.62 Hz
- Upper transition bandwidth: 0.50 Hz (-6 dB cutoff frequency: 50.88 Hz)
- Filter length: 1321 samples (6.605 s)

(60000, 19)
0
(60, 19, 5, 200)
Extracting EDF parameters from /home/wkim/data/mumtaz/files/MDD S26 EC.edf...
Setting channel info structure...
Creating raw.info structure...
Reading 0 ... 76799  =      0.000 ...   299.996 secs...
['EEG Fp1-LE', 'EEG F3-LE', 'EEG C3-LE', 'EEG P3-LE', 'EEG O1-LE', 'EEG F7-LE', 'EEG T3-LE', 'EEG T5-LE', 'EEG Fz-LE', 'EEG Fp2-LE', 'EEG F4-LE', 'EEG C4-LE', 'EEG P4-LE', 'EEG O2-LE', 'EEG F8-LE', 'EEG T4-LE', 'EEG T6-LE', 'EEG Cz-LE', 'EEG Pz-LE', 'EEG A2-A1']
NOTE: pick_channels() is a legacy function. New code should use inst.pick(...).
['EEG Fp1-LE', 'EEG Fp2-LE', 'EEG F3-LE', 'EEG F4-LE', 'EEG C3-LE', 'EEG C4-LE', 'EEG P3-LE', 'EEG P4-LE', 'EEG O1-LE', 'EEG O2-LE', 'EEG F7-LE', 'EEG F8-LE', 'EEG T3-LE', 'EEG T4-LE', 'EEG T5-LE', 'EEG T6-LE', 'EEG Fz-LE', 'EEG Cz-LE', 'EEG Pz-LE']
Filtering raw data in 1 contiguous segment
Setting up band-pass filter from 0.3 - 75 Hz

FIR filter parameters
---------------------
Designing a one-pass, zero-phase, non-causal bandpass filter:
- Windowed time-domain design (firwin) method
- Hamming window with 0.0194 passband ripple and 53 dB stopband attenuation
- Lower passband edge: 0.30
- Lower transition bandwidth: 0.30 Hz (-6 dB cutoff frequency: 0.15 Hz)
- Upper passband edge: 75.00 Hz
- Upper transition bandwidth: 18.75 Hz (-6 dB cutoff frequency: 84.38 Hz)
- Filter length: 2201 samples (11.005 s)

Filtering raw data in 1 contiguous segment
Setting up band-stop filter from 49 - 51 Hz

FIR filter parameters
---------------------
Designing a one-pass, zero-phase, non-causal bandstop filter:
- Windowed time-domain design (firwin) method
- Hamming window with 0.0194 passband ripple and 53 dB stopband attenuation
- Lower passband edge: 49.38
- Lower transition bandwidth: 0.50 Hz (-6 dB cutoff frequency: 49.12 Hz)
- Upper passband edge: 50.62 Hz
- Upper transition bandwidth: 0.50 Hz (-6 dB cutoff frequency: 50.88 Hz)
- Filter length: 1321 samples (6.605 s)

(60000, 19)
0
(60, 19, 5, 200)
Extracting EDF parameters from /home/wkim/data/mumtaz/files/MDD S26 EO.edf...
Setting channel info structure...
Creating raw.info structure...
Reading 0 ... 76799  =      0.000 ...   299.996 secs...
['EEG Fp1-LE', 'EEG F3-LE', 'EEG C3-LE', 'EEG P3-LE', 'EEG O1-LE', 'EEG F7-LE', 'EEG T3-LE', 'EEG T5-LE', 'EEG Fz-LE', 'EEG Fp2-LE', 'EEG F4-LE', 'EEG C4-LE', 'EEG P4-LE', 'EEG O2-LE', 'EEG F8-LE', 'EEG T4-LE', 'EEG T6-LE', 'EEG Cz-LE', 'EEG Pz-LE', 'EEG A2-A1']
NOTE: pick_channels() is a legacy function. New code should use inst.pick(...).
['EEG Fp1-LE', 'EEG Fp2-LE', 'EEG F3-LE', 'EEG F4-LE', 'EEG C3-LE', 'EEG C4-LE', 'EEG P3-LE', 'EEG P4-LE', 'EEG O1-LE', 'EEG O2-LE', 'EEG F7-LE', 'EEG F8-LE', 'EEG T3-LE', 'EEG T4-LE', 'EEG T5-LE', 'EEG T6-LE', 'EEG Fz-LE', 'EEG Cz-LE', 'EEG Pz-LE']
Filtering raw data in 1 contiguous segment
Setting up band-pass filter from 0.3 - 75 Hz

FIR filter parameters
---------------------
Designing a one-pass, zero-phase, non-causal bandpass filter:
- Windowed time-domain design (firwin) method
- Hamming window with 0.0194 passband ripple and 53 dB stopband attenuation
- Lower passband edge: 0.30
- Lower transition bandwidth: 0.30 Hz (-6 dB cutoff frequency: 0.15 Hz)
- Upper passband edge: 75.00 Hz
- Upper transition bandwidth: 18.75 Hz (-6 dB cutoff frequency: 84.38 Hz)
- Filter length: 2201 samples (11.005 s)

Filtering raw data in 1 contiguous segment
Setting up band-stop filter from 49 - 51 Hz

FIR filter parameters
---------------------
Designing a one-pass, zero-phase, non-causal bandstop filter:
- Windowed time-domain design (firwin) method
- Hamming window with 0.0194 passband ripple and 53 dB stopband attenuation
- Lower passband edge: 49.38
- Lower transition bandwidth: 0.50 Hz (-6 dB cutoff frequency: 49.12 Hz)
- Upper passband edge: 50.62 Hz
- Upper transition bandwidth: 0.50 Hz (-6 dB cutoff frequency: 50.88 Hz)
- Filter length: 1321 samples (6.605 s)

(60000, 19)
0
(60, 19, 5, 200)
Extracting EDF parameters from /home/wkim/data/mumtaz/files/MDD S27 EC.edf...
Setting channel info structure...
Creating raw.info structure...
Reading 0 ... 77055  =      0.000 ...   300.996 secs...
['EEG Fp1-LE', 'EEG F3-LE', 'EEG C3-LE', 'EEG P3-LE', 'EEG O1-LE', 'EEG F7-LE', 'EEG T3-LE', 'EEG T5-LE', 'EEG Fz-LE', 'EEG Fp2-LE', 'EEG F4-LE', 'EEG C4-LE', 'EEG P4-LE', 'EEG O2-LE', 'EEG F8-LE', 'EEG T4-LE', 'EEG T6-LE', 'EEG Cz-LE', 'EEG Pz-LE', 'EEG A2-A1']
NOTE: pick_channels() is a legacy function. New code should use inst.pick(...).
['EEG Fp1-LE', 'EEG Fp2-LE', 'EEG F3-LE', 'EEG F4-LE', 'EEG C3-LE', 'EEG C4-LE', 'EEG P3-LE', 'EEG P4-LE', 'EEG O1-LE', 'EEG O2-LE', 'EEG F7-LE', 'EEG F8-LE', 'EEG T3-LE', 'EEG T4-LE', 'EEG T5-LE', 'EEG T6-LE', 'EEG Fz-LE', 'EEG Cz-LE', 'EEG Pz-LE']
Filtering raw data in 1 contiguous segment
Setting up band-pass filter from 0.3 - 75 Hz

FIR filter parameters
---------------------
Designing a one-pass, zero-phase, non-causal bandpass filter:
- Windowed time-domain design (firwin) method
- Hamming window with 0.0194 passband ripple and 53 dB stopband attenuation
- Lower passband edge: 0.30
- Lower transition bandwidth: 0.30 Hz (-6 dB cutoff frequency: 0.15 Hz)
- Upper passband edge: 75.00 Hz
- Upper transition bandwidth: 18.75 Hz (-6 dB cutoff frequency: 84.38 Hz)
- Filter length: 2201 samples (11.005 s)

Filtering raw data in 1 contiguous segment
Setting up band-stop filter from 49 - 51 Hz

FIR filter parameters
---------------------
Designing a one-pass, zero-phase, non-causal bandstop filter:
- Windowed time-domain design (firwin) method
- Hamming window with 0.0194 passband ripple and 53 dB stopband attenuation
- Lower passband edge: 49.38
- Lower transition bandwidth: 0.50 Hz (-6 dB cutoff frequency: 49.12 Hz)
- Upper passband edge: 50.62 Hz
- Upper transition bandwidth: 0.50 Hz (-6 dB cutoff frequency: 50.88 Hz)
- Filter length: 1321 samples (6.605 s)

(60200, 19)
200
(60, 19, 5, 200)
Extracting EDF parameters from /home/wkim/data/mumtaz/files/MDD S27 EO.edf...
Setting channel info structure...
Creating raw.info structure...
Reading 0 ... 76543  =      0.000 ...   298.996 secs...
['EEG Fp1-LE', 'EEG F3-LE', 'EEG C3-LE', 'EEG P3-LE', 'EEG O1-LE', 'EEG F7-LE', 'EEG T3-LE', 'EEG T5-LE', 'EEG Fz-LE', 'EEG Fp2-LE', 'EEG F4-LE', 'EEG C4-LE', 'EEG P4-LE', 'EEG O2-LE', 'EEG F8-LE', 'EEG T4-LE', 'EEG T6-LE', 'EEG Cz-LE', 'EEG Pz-LE', 'EEG A2-A1', 'EEG 23A-23R', 'EEG 24A-24R']
NOTE: pick_channels() is a legacy function. New code should use inst.pick(...).
['EEG Fp1-LE', 'EEG Fp2-LE', 'EEG F3-LE', 'EEG F4-LE', 'EEG C3-LE', 'EEG C4-LE', 'EEG P3-LE', 'EEG P4-LE', 'EEG O1-LE', 'EEG O2-LE', 'EEG F7-LE', 'EEG F8-LE', 'EEG T3-LE', 'EEG T4-LE', 'EEG T5-LE', 'EEG T6-LE', 'EEG Fz-LE', 'EEG Cz-LE', 'EEG Pz-LE']
Filtering raw data in 1 contiguous segment
Setting up band-pass filter from 0.3 - 75 Hz

FIR filter parameters
---------------------
Designing a one-pass, zero-phase, non-causal bandpass filter:
- Windowed time-domain design (firwin) method
- Hamming window with 0.0194 passband ripple and 53 dB stopband attenuation
- Lower passband edge: 0.30
- Lower transition bandwidth: 0.30 Hz (-6 dB cutoff frequency: 0.15 Hz)
- Upper passband edge: 75.00 Hz
- Upper transition bandwidth: 18.75 Hz (-6 dB cutoff frequency: 84.38 Hz)
- Filter length: 2201 samples (11.005 s)

Filtering raw data in 1 contiguous segment
Setting up band-stop filter from 49 - 51 Hz

FIR filter parameters
---------------------
Designing a one-pass, zero-phase, non-causal bandstop filter:
- Windowed time-domain design (firwin) method
- Hamming window with 0.0194 passband ripple and 53 dB stopband attenuation
- Lower passband edge: 49.38
- Lower transition bandwidth: 0.50 Hz (-6 dB cutoff frequency: 49.12 Hz)
- Upper passband edge: 50.62 Hz
- Upper transition bandwidth: 0.50 Hz (-6 dB cutoff frequency: 50.88 Hz)
- Filter length: 1321 samples (6.605 s)

(59800, 19)
800
(59, 19, 5, 200)
Extracting EDF parameters from /home/wkim/data/mumtaz/files/MDD S28 EC.edf...
Setting channel info structure...
Creating raw.info structure...
Reading 0 ... 77055  =      0.000 ...   300.996 secs...
['EEG Fp1-LE', 'EEG F3-LE', 'EEG C3-LE', 'EEG P3-LE', 'EEG O1-LE', 'EEG F7-LE', 'EEG T3-LE', 'EEG T5-LE', 'EEG Fz-LE', 'EEG Fp2-LE', 'EEG F4-LE', 'EEG C4-LE', 'EEG P4-LE', 'EEG O2-LE', 'EEG F8-LE', 'EEG T4-LE', 'EEG T6-LE', 'EEG Cz-LE', 'EEG Pz-LE', 'EEG A2-A1']
NOTE: pick_channels() is a legacy function. New code should use inst.pick(...).
['EEG Fp1-LE', 'EEG Fp2-LE', 'EEG F3-LE', 'EEG F4-LE', 'EEG C3-LE', 'EEG C4-LE', 'EEG P3-LE', 'EEG P4-LE', 'EEG O1-LE', 'EEG O2-LE', 'EEG F7-LE', 'EEG F8-LE', 'EEG T3-LE', 'EEG T4-LE', 'EEG T5-LE', 'EEG T6-LE', 'EEG Fz-LE', 'EEG Cz-LE', 'EEG Pz-LE']
Filtering raw data in 1 contiguous segment
Setting up band-pass filter from 0.3 - 75 Hz

FIR filter parameters
---------------------
Designing a one-pass, zero-phase, non-causal bandpass filter:
- Windowed time-domain design (firwin) method
- Hamming window with 0.0194 passband ripple and 53 dB stopband attenuation
- Lower passband edge: 0.30
- Lower transition bandwidth: 0.30 Hz (-6 dB cutoff frequency: 0.15 Hz)
- Upper passband edge: 75.00 Hz
- Upper transition bandwidth: 18.75 Hz (-6 dB cutoff frequency: 84.38 Hz)
- Filter length: 2201 samples (11.005 s)

Filtering raw data in 1 contiguous segment
Setting up band-stop filter from 49 - 51 Hz

FIR filter parameters
---------------------
Designing a one-pass, zero-phase, non-causal bandstop filter:
- Windowed time-domain design (firwin) method
- Hamming window with 0.0194 passband ripple and 53 dB stopband attenuation
- Lower passband edge: 49.38
- Lower transition bandwidth: 0.50 Hz (-6 dB cutoff frequency: 49.12 Hz)
- Upper passband edge: 50.62 Hz
- Upper transition bandwidth: 0.50 Hz (-6 dB cutoff frequency: 50.88 Hz)
- Filter length: 1321 samples (6.605 s)

(60200, 19)
200
(60, 19, 5, 200)
Extracting EDF parameters from /home/wkim/data/mumtaz/files/MDD S28 EO.edf...
Setting channel info structure...
Creating raw.info structure...
Reading 0 ... 77311  =      0.000 ...   301.996 secs...
['EEG Fp1-LE', 'EEG F3-LE', 'EEG C3-LE', 'EEG P3-LE', 'EEG O1-LE', 'EEG F7-LE', 'EEG T3-LE', 'EEG T5-LE', 'EEG Fz-LE', 'EEG Fp2-LE', 'EEG F4-LE', 'EEG C4-LE', 'EEG P4-LE', 'EEG O2-LE', 'EEG F8-LE', 'EEG T4-LE', 'EEG T6-LE', 'EEG Cz-LE', 'EEG Pz-LE', 'EEG A2-A1']
NOTE: pick_channels() is a legacy function. New code should use inst.pick(...).
['EEG Fp1-LE', 'EEG Fp2-LE', 'EEG F3-LE', 'EEG F4-LE', 'EEG C3-LE', 'EEG C4-LE', 'EEG P3-LE', 'EEG P4-LE', 'EEG O1-LE', 'EEG O2-LE', 'EEG F7-LE', 'EEG F8-LE', 'EEG T3-LE', 'EEG T4-LE', 'EEG T5-LE', 'EEG T6-LE', 'EEG Fz-LE', 'EEG Cz-LE', 'EEG Pz-LE']
Filtering raw data in 1 contiguous segment
Setting up band-pass filter from 0.3 - 75 Hz

FIR filter parameters
---------------------
Designing a one-pass, zero-phase, non-causal bandpass filter:
- Windowed time-domain design (firwin) method
- Hamming window with 0.0194 passband ripple and 53 dB stopband attenuation
- Lower passband edge: 0.30
- Lower transition bandwidth: 0.30 Hz (-6 dB cutoff frequency: 0.15 Hz)
- Upper passband edge: 75.00 Hz
- Upper transition bandwidth: 18.75 Hz (-6 dB cutoff frequency: 84.38 Hz)
- Filter length: 2201 samples (11.005 s)

Filtering raw data in 1 contiguous segment
Setting up band-stop filter from 49 - 51 Hz

FIR filter parameters
---------------------
Designing a one-pass, zero-phase, non-causal bandstop filter:
- Windowed time-domain design (firwin) method
- Hamming window with 0.0194 passband ripple and 53 dB stopband attenuation
- Lower passband edge: 49.38
- Lower transition bandwidth: 0.50 Hz (-6 dB cutoff frequency: 49.12 Hz)
- Upper passband edge: 50.62 Hz
- Upper transition bandwidth: 0.50 Hz (-6 dB cutoff frequency: 50.88 Hz)
- Filter length: 1321 samples (6.605 s)

(60400, 19)
400
(60, 19, 5, 200)
Extracting EDF parameters from /home/wkim/data/mumtaz/files/MDD S29 EC.edf...
Setting channel info structure...
Creating raw.info structure...
Reading 0 ... 76799  =      0.000 ...   299.996 secs...
['EEG Fp1-LE', 'EEG F3-LE', 'EEG C3-LE', 'EEG P3-LE', 'EEG O1-LE', 'EEG F7-LE', 'EEG T3-LE', 'EEG T5-LE', 'EEG Fz-LE', 'EEG Fp2-LE', 'EEG F4-LE', 'EEG C4-LE', 'EEG P4-LE', 'EEG O2-LE', 'EEG F8-LE', 'EEG T4-LE', 'EEG T6-LE', 'EEG Cz-LE', 'EEG Pz-LE', 'EEG A2-A1']
NOTE: pick_channels() is a legacy function. New code should use inst.pick(...).
['EEG Fp1-LE', 'EEG Fp2-LE', 'EEG F3-LE', 'EEG F4-LE', 'EEG C3-LE', 'EEG C4-LE', 'EEG P3-LE', 'EEG P4-LE', 'EEG O1-LE', 'EEG O2-LE', 'EEG F7-LE', 'EEG F8-LE', 'EEG T3-LE', 'EEG T4-LE', 'EEG T5-LE', 'EEG T6-LE', 'EEG Fz-LE', 'EEG Cz-LE', 'EEG Pz-LE']
Filtering raw data in 1 contiguous segment
Setting up band-pass filter from 0.3 - 75 Hz

FIR filter parameters
---------------------
Designing a one-pass, zero-phase, non-causal bandpass filter:
- Windowed time-domain design (firwin) method
- Hamming window with 0.0194 passband ripple and 53 dB stopband attenuation
- Lower passband edge: 0.30
- Lower transition bandwidth: 0.30 Hz (-6 dB cutoff frequency: 0.15 Hz)
- Upper passband edge: 75.00 Hz
- Upper transition bandwidth: 18.75 Hz (-6 dB cutoff frequency: 84.38 Hz)
- Filter length: 2201 samples (11.005 s)

Filtering raw data in 1 contiguous segment
Setting up band-stop filter from 49 - 51 Hz

FIR filter parameters
---------------------
Designing a one-pass, zero-phase, non-causal bandstop filter:
- Windowed time-domain design (firwin) method
- Hamming window with 0.0194 passband ripple and 53 dB stopband attenuation
- Lower passband edge: 49.38
- Lower transition bandwidth: 0.50 Hz (-6 dB cutoff frequency: 49.12 Hz)
- Upper passband edge: 50.62 Hz
- Upper transition bandwidth: 0.50 Hz (-6 dB cutoff frequency: 50.88 Hz)
- Filter length: 1321 samples (6.605 s)

(60000, 19)
0
(60, 19, 5, 200)
Extracting EDF parameters from /home/wkim/data/mumtaz/files/MDD S29 EO.edf...
Setting channel info structure...
Creating raw.info structure...
Reading 0 ... 76799  =      0.000 ...   299.996 secs...
['EEG Fp1-LE', 'EEG F3-LE', 'EEG C3-LE', 'EEG P3-LE', 'EEG O1-LE', 'EEG F7-LE', 'EEG T3-LE', 'EEG T5-LE', 'EEG Fz-LE', 'EEG Fp2-LE', 'EEG F4-LE', 'EEG C4-LE', 'EEG P4-LE', 'EEG O2-LE', 'EEG F8-LE', 'EEG T4-LE', 'EEG T6-LE', 'EEG Cz-LE', 'EEG Pz-LE', 'EEG A2-A1']
NOTE: pick_channels() is a legacy function. New code should use inst.pick(...).
['EEG Fp1-LE', 'EEG Fp2-LE', 'EEG F3-LE', 'EEG F4-LE', 'EEG C3-LE', 'EEG C4-LE', 'EEG P3-LE', 'EEG P4-LE', 'EEG O1-LE', 'EEG O2-LE', 'EEG F7-LE', 'EEG F8-LE', 'EEG T3-LE', 'EEG T4-LE', 'EEG T5-LE', 'EEG T6-LE', 'EEG Fz-LE', 'EEG Cz-LE', 'EEG Pz-LE']
Filtering raw data in 1 contiguous segment
Setting up band-pass filter from 0.3 - 75 Hz

FIR filter parameters
---------------------
Designing a one-pass, zero-phase, non-causal bandpass filter:
- Windowed time-domain design (firwin) method
- Hamming window with 0.0194 passband ripple and 53 dB stopband attenuation
- Lower passband edge: 0.30
- Lower transition bandwidth: 0.30 Hz (-6 dB cutoff frequency: 0.15 Hz)
- Upper passband edge: 75.00 Hz
- Upper transition bandwidth: 18.75 Hz (-6 dB cutoff frequency: 84.38 Hz)
- Filter length: 2201 samples (11.005 s)

Filtering raw data in 1 contiguous segment
Setting up band-stop filter from 49 - 51 Hz

FIR filter parameters
---------------------
Designing a one-pass, zero-phase, non-causal bandstop filter:
- Windowed time-domain design (firwin) method
- Hamming window with 0.0194 passband ripple and 53 dB stopband attenuation
- Lower passband edge: 49.38
- Lower transition bandwidth: 0.50 Hz (-6 dB cutoff frequency: 49.12 Hz)
- Upper passband edge: 50.62 Hz
- Upper transition bandwidth: 0.50 Hz (-6 dB cutoff frequency: 50.88 Hz)
- Filter length: 1321 samples (6.605 s)

(60000, 19)
0
(60, 19, 5, 200)
Extracting EDF parameters from /home/wkim/data/mumtaz/files/H S29 EC.edf...
Setting channel info structure...
Creating raw.info structure...
Reading 0 ... 77567  =      0.000 ...   302.996 secs...
['EEG Fp1-LE', 'EEG F3-LE', 'EEG C3-LE', 'EEG P3-LE', 'EEG O1-LE', 'EEG F7-LE', 'EEG T3-LE', 'EEG T5-LE', 'EEG Fz-LE', 'EEG Fp2-LE', 'EEG F4-LE', 'EEG C4-LE', 'EEG P4-LE', 'EEG O2-LE', 'EEG F8-LE', 'EEG T4-LE', 'EEG T6-LE', 'EEG Cz-LE', 'EEG Pz-LE', 'EEG A2-A1', 'EEG 23A-23R', 'EEG 24A-24R']
NOTE: pick_channels() is a legacy function. New code should use inst.pick(...).
['EEG Fp1-LE', 'EEG Fp2-LE', 'EEG F3-LE', 'EEG F4-LE', 'EEG C3-LE', 'EEG C4-LE', 'EEG P3-LE', 'EEG P4-LE', 'EEG O1-LE', 'EEG O2-LE', 'EEG F7-LE', 'EEG F8-LE', 'EEG T3-LE', 'EEG T4-LE', 'EEG T5-LE', 'EEG T6-LE', 'EEG Fz-LE', 'EEG Cz-LE', 'EEG Pz-LE']
Filtering raw data in 1 contiguous segment
Setting up band-pass filter from 0.3 - 75 Hz

FIR filter parameters
---------------------
Designing a one-pass, zero-phase, non-causal bandpass filter:
- Windowed time-domain design (firwin) method
- Hamming window with 0.0194 passband ripple and 53 dB stopband attenuation
- Lower passband edge: 0.30
- Lower transition bandwidth: 0.30 Hz (-6 dB cutoff frequency: 0.15 Hz)
- Upper passband edge: 75.00 Hz
- Upper transition bandwidth: 18.75 Hz (-6 dB cutoff frequency: 84.38 Hz)
- Filter length: 2201 samples (11.005 s)

Filtering raw data in 1 contiguous segment
Setting up band-stop filter from 49 - 51 Hz

FIR filter parameters
---------------------
Designing a one-pass, zero-phase, non-causal bandstop filter:
- Windowed time-domain design (firwin) method
- Hamming window with 0.0194 passband ripple and 53 dB stopband attenuation
- Lower passband edge: 49.38
- Lower transition bandwidth: 0.50 Hz (-6 dB cutoff frequency: 49.12 Hz)
- Upper passband edge: 50.62 Hz
- Upper transition bandwidth: 0.50 Hz (-6 dB cutoff frequency: 50.88 Hz)
- Filter length: 1321 samples (6.605 s)

(60600, 19)
600
(60, 19, 5, 200)
Extracting EDF parameters from /home/wkim/data/mumtaz/files/H S29 EO.edf...
Setting channel info structure...
Creating raw.info structure...
Reading 0 ... 77055  =      0.000 ...   300.996 secs...
['EEG Fp1-LE', 'EEG F3-LE', 'EEG C3-LE', 'EEG P3-LE', 'EEG O1-LE', 'EEG F7-LE', 'EEG T3-LE', 'EEG T5-LE', 'EEG Fz-LE', 'EEG Fp2-LE', 'EEG F4-LE', 'EEG C4-LE', 'EEG P4-LE', 'EEG O2-LE', 'EEG F8-LE', 'EEG T4-LE', 'EEG T6-LE', 'EEG Cz-LE', 'EEG Pz-LE', 'EEG A2-A1', 'EEG 23A-23R', 'EEG 24A-24R']
NOTE: pick_channels() is a legacy function. New code should use inst.pick(...).
['EEG Fp1-LE', 'EEG Fp2-LE', 'EEG F3-LE', 'EEG F4-LE', 'EEG C3-LE', 'EEG C4-LE', 'EEG P3-LE', 'EEG P4-LE', 'EEG O1-LE', 'EEG O2-LE', 'EEG F7-LE', 'EEG F8-LE', 'EEG T3-LE', 'EEG T4-LE', 'EEG T5-LE', 'EEG T6-LE', 'EEG Fz-LE', 'EEG Cz-LE', 'EEG Pz-LE']
Filtering raw data in 1 contiguous segment
Setting up band-pass filter from 0.3 - 75 Hz

FIR filter parameters
---------------------
Designing a one-pass, zero-phase, non-causal bandpass filter:
- Windowed time-domain design (firwin) method
- Hamming window with 0.0194 passband ripple and 53 dB stopband attenuation
- Lower passband edge: 0.30
- Lower transition bandwidth: 0.30 Hz (-6 dB cutoff frequency: 0.15 Hz)
- Upper passband edge: 75.00 Hz
- Upper transition bandwidth: 18.75 Hz (-6 dB cutoff frequency: 84.38 Hz)
- Filter length: 2201 samples (11.005 s)

Filtering raw data in 1 contiguous segment
Setting up band-stop filter from 49 - 51 Hz

FIR filter parameters
---------------------
Designing a one-pass, zero-phase, non-causal bandstop filter:
- Windowed time-domain design (firwin) method
- Hamming window with 0.0194 passband ripple and 53 dB stopband attenuation
- Lower passband edge: 49.38
- Lower transition bandwidth: 0.50 Hz (-6 dB cutoff frequency: 49.12 Hz)
- Upper passband edge: 50.62 Hz
- Upper transition bandwidth: 0.50 Hz (-6 dB cutoff frequency: 50.88 Hz)
- Filter length: 1321 samples (6.605 s)

(60200, 19)
200
(60, 19, 5, 200)
Extracting EDF parameters from /home/wkim/data/mumtaz/files/H S3 EC.edf...
Setting channel info structure...
Creating raw.info structure...
Reading 0 ... 77055  =      0.000 ...   300.996 secs...
['EEG Fp1-LE', 'EEG F3-LE', 'EEG C3-LE', 'EEG P3-LE', 'EEG O1-LE', 'EEG F7-LE', 'EEG T3-LE', 'EEG T5-LE', 'EEG Fz-LE', 'EEG Fp2-LE', 'EEG F4-LE', 'EEG C4-LE', 'EEG P4-LE', 'EEG O2-LE', 'EEG F8-LE', 'EEG T4-LE', 'EEG T6-LE', 'EEG Cz-LE', 'EEG Pz-LE', 'EEG A2-A1', 'EEG 23A-23R', 'EEG 24A-24R']
NOTE: pick_channels() is a legacy function. New code should use inst.pick(...).
['EEG Fp1-LE', 'EEG Fp2-LE', 'EEG F3-LE', 'EEG F4-LE', 'EEG C3-LE', 'EEG C4-LE', 'EEG P3-LE', 'EEG P4-LE', 'EEG O1-LE', 'EEG O2-LE', 'EEG F7-LE', 'EEG F8-LE', 'EEG T3-LE', 'EEG T4-LE', 'EEG T5-LE', 'EEG T6-LE', 'EEG Fz-LE', 'EEG Cz-LE', 'EEG Pz-LE']
Filtering raw data in 1 contiguous segment
Setting up band-pass filter from 0.3 - 75 Hz

FIR filter parameters
---------------------
Designing a one-pass, zero-phase, non-causal bandpass filter:
- Windowed time-domain design (firwin) method
- Hamming window with 0.0194 passband ripple and 53 dB stopband attenuation
- Lower passband edge: 0.30
- Lower transition bandwidth: 0.30 Hz (-6 dB cutoff frequency: 0.15 Hz)
- Upper passband edge: 75.00 Hz
- Upper transition bandwidth: 18.75 Hz (-6 dB cutoff frequency: 84.38 Hz)
- Filter length: 2201 samples (11.005 s)

Filtering raw data in 1 contiguous segment
Setting up band-stop filter from 49 - 51 Hz

FIR filter parameters
---------------------
Designing a one-pass, zero-phase, non-causal bandstop filter:
- Windowed time-domain design (firwin) method
- Hamming window with 0.0194 passband ripple and 53 dB stopband attenuation
- Lower passband edge: 49.38
- Lower transition bandwidth: 0.50 Hz (-6 dB cutoff frequency: 49.12 Hz)
- Upper passband edge: 50.62 Hz
- Upper transition bandwidth: 0.50 Hz (-6 dB cutoff frequency: 50.88 Hz)
- Filter length: 1321 samples (6.605 s)

(60200, 19)
200
(60, 19, 5, 200)
Extracting EDF parameters from /home/wkim/data/mumtaz/files/H S3 EO.edf...
Setting channel info structure...
Creating raw.info structure...
Reading 0 ... 78079  =      0.000 ...   304.996 secs...
['EEG Fp1-LE', 'EEG F3-LE', 'EEG C3-LE', 'EEG P3-LE', 'EEG O1-LE', 'EEG F7-LE', 'EEG T3-LE', 'EEG T5-LE', 'EEG Fz-LE', 'EEG Fp2-LE', 'EEG F4-LE', 'EEG C4-LE', 'EEG P4-LE', 'EEG O2-LE', 'EEG F8-LE', 'EEG T4-LE', 'EEG T6-LE', 'EEG Cz-LE', 'EEG Pz-LE', 'EEG A2-A1', 'EEG 23A-23R', 'EEG 24A-24R']
NOTE: pick_channels() is a legacy function. New code should use inst.pick(...).
['EEG Fp1-LE', 'EEG Fp2-LE', 'EEG F3-LE', 'EEG F4-LE', 'EEG C3-LE', 'EEG C4-LE', 'EEG P3-LE', 'EEG P4-LE', 'EEG O1-LE', 'EEG O2-LE', 'EEG F7-LE', 'EEG F8-LE', 'EEG T3-LE', 'EEG T4-LE', 'EEG T5-LE', 'EEG T6-LE', 'EEG Fz-LE', 'EEG Cz-LE', 'EEG Pz-LE']
Filtering raw data in 1 contiguous segment
Setting up band-pass filter from 0.3 - 75 Hz

FIR filter parameters
---------------------
Designing a one-pass, zero-phase, non-causal bandpass filter:
- Windowed time-domain design (firwin) method
- Hamming window with 0.0194 passband ripple and 53 dB stopband attenuation
- Lower passband edge: 0.30
- Lower transition bandwidth: 0.30 Hz (-6 dB cutoff frequency: 0.15 Hz)
- Upper passband edge: 75.00 Hz
- Upper transition bandwidth: 18.75 Hz (-6 dB cutoff frequency: 84.38 Hz)
- Filter length: 2201 samples (11.005 s)

Filtering raw data in 1 contiguous segment
Setting up band-stop filter from 49 - 51 Hz

FIR filter parameters
---------------------
Designing a one-pass, zero-phase, non-causal bandstop filter:
- Windowed time-domain design (firwin) method
- Hamming window with 0.0194 passband ripple and 53 dB stopband attenuation
- Lower passband edge: 49.38
- Lower transition bandwidth: 0.50 Hz (-6 dB cutoff frequency: 49.12 Hz)
- Upper passband edge: 50.62 Hz
- Upper transition bandwidth: 0.50 Hz (-6 dB cutoff frequency: 50.88 Hz)
- Filter length: 1321 samples (6.605 s)

(61000, 19)
0
(61, 19, 5, 200)
Extracting EDF parameters from /home/wkim/data/mumtaz/files/H S30 EC.edf...
Setting channel info structure...
Creating raw.info structure...
Reading 0 ... 76799  =      0.000 ...   299.996 secs...
['EEG Fp1-LE', 'EEG F3-LE', 'EEG C3-LE', 'EEG P3-LE', 'EEG O1-LE', 'EEG F7-LE', 'EEG T3-LE', 'EEG T5-LE', 'EEG Fz-LE', 'EEG Fp2-LE', 'EEG F4-LE', 'EEG C4-LE', 'EEG P4-LE', 'EEG O2-LE', 'EEG F8-LE', 'EEG T4-LE', 'EEG T6-LE', 'EEG Cz-LE', 'EEG Pz-LE', 'EEG A2-A1']
NOTE: pick_channels() is a legacy function. New code should use inst.pick(...).
['EEG Fp1-LE', 'EEG Fp2-LE', 'EEG F3-LE', 'EEG F4-LE', 'EEG C3-LE', 'EEG C4-LE', 'EEG P3-LE', 'EEG P4-LE', 'EEG O1-LE', 'EEG O2-LE', 'EEG F7-LE', 'EEG F8-LE', 'EEG T3-LE', 'EEG T4-LE', 'EEG T5-LE', 'EEG T6-LE', 'EEG Fz-LE', 'EEG Cz-LE', 'EEG Pz-LE']
Filtering raw data in 1 contiguous segment
Setting up band-pass filter from 0.3 - 75 Hz

FIR filter parameters
---------------------
Designing a one-pass, zero-phase, non-causal bandpass filter:
- Windowed time-domain design (firwin) method
- Hamming window with 0.0194 passband ripple and 53 dB stopband attenuation
- Lower passband edge: 0.30
- Lower transition bandwidth: 0.30 Hz (-6 dB cutoff frequency: 0.15 Hz)
- Upper passband edge: 75.00 Hz
- Upper transition bandwidth: 18.75 Hz (-6 dB cutoff frequency: 84.38 Hz)
- Filter length: 2201 samples (11.005 s)

Filtering raw data in 1 contiguous segment
Setting up band-stop filter from 49 - 51 Hz

FIR filter parameters
---------------------
Designing a one-pass, zero-phase, non-causal bandstop filter:
- Windowed time-domain design (firwin) method
- Hamming window with 0.0194 passband ripple and 53 dB stopband attenuation
- Lower passband edge: 49.38
- Lower transition bandwidth: 0.50 Hz (-6 dB cutoff frequency: 49.12 Hz)
- Upper passband edge: 50.62 Hz
- Upper transition bandwidth: 0.50 Hz (-6 dB cutoff frequency: 50.88 Hz)
- Filter length: 1321 samples (6.605 s)

(60000, 19)
0
(60, 19, 5, 200)
Extracting EDF parameters from /home/wkim/data/mumtaz/files/H S30 EO.edf...
Setting channel info structure...
Creating raw.info structure...
Reading 0 ... 76799  =      0.000 ...   299.996 secs...
['EEG Fp1-LE', 'EEG F3-LE', 'EEG C3-LE', 'EEG P3-LE', 'EEG O1-LE', 'EEG F7-LE', 'EEG T3-LE', 'EEG T5-LE', 'EEG Fz-LE', 'EEG Fp2-LE', 'EEG F4-LE', 'EEG C4-LE', 'EEG P4-LE', 'EEG O2-LE', 'EEG F8-LE', 'EEG T4-LE', 'EEG T6-LE', 'EEG Cz-LE', 'EEG Pz-LE', 'EEG A2-A1']
NOTE: pick_channels() is a legacy function. New code should use inst.pick(...).
['EEG Fp1-LE', 'EEG Fp2-LE', 'EEG F3-LE', 'EEG F4-LE', 'EEG C3-LE', 'EEG C4-LE', 'EEG P3-LE', 'EEG P4-LE', 'EEG O1-LE', 'EEG O2-LE', 'EEG F7-LE', 'EEG F8-LE', 'EEG T3-LE', 'EEG T4-LE', 'EEG T5-LE', 'EEG T6-LE', 'EEG Fz-LE', 'EEG Cz-LE', 'EEG Pz-LE']
Filtering raw data in 1 contiguous segment
Setting up band-pass filter from 0.3 - 75 Hz

FIR filter parameters
---------------------
Designing a one-pass, zero-phase, non-causal bandpass filter:
- Windowed time-domain design (firwin) method
- Hamming window with 0.0194 passband ripple and 53 dB stopband attenuation
- Lower passband edge: 0.30
- Lower transition bandwidth: 0.30 Hz (-6 dB cutoff frequency: 0.15 Hz)
- Upper passband edge: 75.00 Hz
- Upper transition bandwidth: 18.75 Hz (-6 dB cutoff frequency: 84.38 Hz)
- Filter length: 2201 samples (11.005 s)

Filtering raw data in 1 contiguous segment
Setting up band-stop filter from 49 - 51 Hz

FIR filter parameters
---------------------
Designing a one-pass, zero-phase, non-causal bandstop filter:
- Windowed time-domain design (firwin) method
- Hamming window with 0.0194 passband ripple and 53 dB stopband attenuation
- Lower passband edge: 49.38
- Lower transition bandwidth: 0.50 Hz (-6 dB cutoff frequency: 49.12 Hz)
- Upper passband edge: 50.62 Hz
- Upper transition bandwidth: 0.50 Hz (-6 dB cutoff frequency: 50.88 Hz)
- Filter length: 1321 samples (6.605 s)

(60000, 19)
0
(60, 19, 5, 200)
Extracting EDF parameters from /home/wkim/data/mumtaz/files/H S4 EC.edf...
Setting channel info structure...
Creating raw.info structure...
Reading 0 ... 77055  =      0.000 ...   300.996 secs...
['EEG Fp1-LE', 'EEG F3-LE', 'EEG C3-LE', 'EEG P3-LE', 'EEG O1-LE', 'EEG F7-LE', 'EEG T3-LE', 'EEG T5-LE', 'EEG Fz-LE', 'EEG Fp2-LE', 'EEG F4-LE', 'EEG C4-LE', 'EEG P4-LE', 'EEG O2-LE', 'EEG F8-LE', 'EEG T4-LE', 'EEG T6-LE', 'EEG Cz-LE', 'EEG Pz-LE', 'EEG A2-A1', 'EEG 23A-23R', 'EEG 24A-24R']
NOTE: pick_channels() is a legacy function. New code should use inst.pick(...).
['EEG Fp1-LE', 'EEG Fp2-LE', 'EEG F3-LE', 'EEG F4-LE', 'EEG C3-LE', 'EEG C4-LE', 'EEG P3-LE', 'EEG P4-LE', 'EEG O1-LE', 'EEG O2-LE', 'EEG F7-LE', 'EEG F8-LE', 'EEG T3-LE', 'EEG T4-LE', 'EEG T5-LE', 'EEG T6-LE', 'EEG Fz-LE', 'EEG Cz-LE', 'EEG Pz-LE']
Filtering raw data in 1 contiguous segment
Setting up band-pass filter from 0.3 - 75 Hz

FIR filter parameters
---------------------
Designing a one-pass, zero-phase, non-causal bandpass filter:
- Windowed time-domain design (firwin) method
- Hamming window with 0.0194 passband ripple and 53 dB stopband attenuation
- Lower passband edge: 0.30
- Lower transition bandwidth: 0.30 Hz (-6 dB cutoff frequency: 0.15 Hz)
- Upper passband edge: 75.00 Hz
- Upper transition bandwidth: 18.75 Hz (-6 dB cutoff frequency: 84.38 Hz)
- Filter length: 2201 samples (11.005 s)

Filtering raw data in 1 contiguous segment
Setting up band-stop filter from 49 - 51 Hz

FIR filter parameters
---------------------
Designing a one-pass, zero-phase, non-causal bandstop filter:
- Windowed time-domain design (firwin) method
- Hamming window with 0.0194 passband ripple and 53 dB stopband attenuation
- Lower passband edge: 49.38
- Lower transition bandwidth: 0.50 Hz (-6 dB cutoff frequency: 49.12 Hz)
- Upper passband edge: 50.62 Hz
- Upper transition bandwidth: 0.50 Hz (-6 dB cutoff frequency: 50.88 Hz)
- Filter length: 1321 samples (6.605 s)

(60200, 19)
200
(60, 19, 5, 200)
Extracting EDF parameters from /home/wkim/data/mumtaz/files/H S4 EO.edf...
Setting channel info structure...
Creating raw.info structure...
Reading 0 ... 75519  =      0.000 ...   294.996 secs...
['EEG Fp1-LE', 'EEG F3-LE', 'EEG C3-LE', 'EEG P3-LE', 'EEG O1-LE', 'EEG F7-LE', 'EEG T3-LE', 'EEG T5-LE', 'EEG Fz-LE', 'EEG Fp2-LE', 'EEG F4-LE', 'EEG C4-LE', 'EEG P4-LE', 'EEG O2-LE', 'EEG F8-LE', 'EEG T4-LE', 'EEG T6-LE', 'EEG Cz-LE', 'EEG Pz-LE', 'EEG A2-A1', 'EEG 23A-23R', 'EEG 24A-24R']
NOTE: pick_channels() is a legacy function. New code should use inst.pick(...).
['EEG Fp1-LE', 'EEG Fp2-LE', 'EEG F3-LE', 'EEG F4-LE', 'EEG C3-LE', 'EEG C4-LE', 'EEG P3-LE', 'EEG P4-LE', 'EEG O1-LE', 'EEG O2-LE', 'EEG F7-LE', 'EEG F8-LE', 'EEG T3-LE', 'EEG T4-LE', 'EEG T5-LE', 'EEG T6-LE', 'EEG Fz-LE', 'EEG Cz-LE', 'EEG Pz-LE']
Filtering raw data in 1 contiguous segment
Setting up band-pass filter from 0.3 - 75 Hz

FIR filter parameters
---------------------
Designing a one-pass, zero-phase, non-causal bandpass filter:
- Windowed time-domain design (firwin) method
- Hamming window with 0.0194 passband ripple and 53 dB stopband attenuation
- Lower passband edge: 0.30
- Lower transition bandwidth: 0.30 Hz (-6 dB cutoff frequency: 0.15 Hz)
- Upper passband edge: 75.00 Hz
- Upper transition bandwidth: 18.75 Hz (-6 dB cutoff frequency: 84.38 Hz)
- Filter length: 2201 samples (11.005 s)

Filtering raw data in 1 contiguous segment
Setting up band-stop filter from 49 - 51 Hz

FIR filter parameters
---------------------
Designing a one-pass, zero-phase, non-causal bandstop filter:
- Windowed time-domain design (firwin) method
- Hamming window with 0.0194 passband ripple and 53 dB stopband attenuation
- Lower passband edge: 49.38
- Lower transition bandwidth: 0.50 Hz (-6 dB cutoff frequency: 49.12 Hz)
- Upper passband edge: 50.62 Hz
- Upper transition bandwidth: 0.50 Hz (-6 dB cutoff frequency: 50.88 Hz)
- Filter length: 1321 samples (6.605 s)

(59000, 19)
0
(59, 19, 5, 200)
Extracting EDF parameters from /home/wkim/data/mumtaz/files/MDD S3 EC.edf...
Setting channel info structure...
Creating raw.info structure...
Reading 0 ... 46079  =      0.000 ...   179.996 secs...
['EEG Fp1-LE', 'EEG F3-LE', 'EEG C3-LE', 'EEG P3-LE', 'EEG O1-LE', 'EEG F7-LE', 'EEG T3-LE', 'EEG T5-LE', 'EEG Fz-LE', 'EEG Fp2-LE', 'EEG F4-LE', 'EEG C4-LE', 'EEG P4-LE', 'EEG O2-LE', 'EEG F8-LE', 'EEG T4-LE', 'EEG T6-LE', 'EEG Cz-LE', 'EEG Pz-LE', 'EEG A2-A1']
NOTE: pick_channels() is a legacy function. New code should use inst.pick(...).
['EEG Fp1-LE', 'EEG Fp2-LE', 'EEG F3-LE', 'EEG F4-LE', 'EEG C3-LE', 'EEG C4-LE', 'EEG P3-LE', 'EEG P4-LE', 'EEG O1-LE', 'EEG O2-LE', 'EEG F7-LE', 'EEG F8-LE', 'EEG T3-LE', 'EEG T4-LE', 'EEG T5-LE', 'EEG T6-LE', 'EEG Fz-LE', 'EEG Cz-LE', 'EEG Pz-LE']
Filtering raw data in 1 contiguous segment
Setting up band-pass filter from 0.3 - 75 Hz

FIR filter parameters
---------------------
Designing a one-pass, zero-phase, non-causal bandpass filter:
- Windowed time-domain design (firwin) method
- Hamming window with 0.0194 passband ripple and 53 dB stopband attenuation
- Lower passband edge: 0.30
- Lower transition bandwidth: 0.30 Hz (-6 dB cutoff frequency: 0.15 Hz)
- Upper passband edge: 75.00 Hz
- Upper transition bandwidth: 18.75 Hz (-6 dB cutoff frequency: 84.38 Hz)
- Filter length: 2201 samples (11.005 s)

Filtering raw data in 1 contiguous segment
Setting up band-stop filter from 49 - 51 Hz

FIR filter parameters
---------------------
Designing a one-pass, zero-phase, non-causal bandstop filter:
- Windowed time-domain design (firwin) method
- Hamming window with 0.0194 passband ripple and 53 dB stopband attenuation
- Lower passband edge: 49.38
- Lower transition bandwidth: 0.50 Hz (-6 dB cutoff frequency: 49.12 Hz)
- Upper passband edge: 50.62 Hz
- Upper transition bandwidth: 0.50 Hz (-6 dB cutoff frequency: 50.88 Hz)
- Filter length: 1321 samples (6.605 s)

(36000, 19)
0
(36, 19, 5, 200)
Extracting EDF parameters from /home/wkim/data/mumtaz/files/MDD S3 EO.edf...
Setting channel info structure...
Creating raw.info structure...
Reading 0 ... 77055  =      0.000 ...   300.996 secs...
['EEG Fp1-LE', 'EEG F3-LE', 'EEG C3-LE', 'EEG P3-LE', 'EEG O1-LE', 'EEG F7-LE', 'EEG T3-LE', 'EEG T5-LE', 'EEG Fz-LE', 'EEG Fp2-LE', 'EEG F4-LE', 'EEG C4-LE', 'EEG P4-LE', 'EEG O2-LE', 'EEG F8-LE', 'EEG T4-LE', 'EEG T6-LE', 'EEG Cz-LE', 'EEG Pz-LE', 'EEG A2-A1']
NOTE: pick_channels() is a legacy function. New code should use inst.pick(...).
['EEG Fp1-LE', 'EEG Fp2-LE', 'EEG F3-LE', 'EEG F4-LE', 'EEG C3-LE', 'EEG C4-LE', 'EEG P3-LE', 'EEG P4-LE', 'EEG O1-LE', 'EEG O2-LE', 'EEG F7-LE', 'EEG F8-LE', 'EEG T3-LE', 'EEG T4-LE', 'EEG T5-LE', 'EEG T6-LE', 'EEG Fz-LE', 'EEG Cz-LE', 'EEG Pz-LE']
Filtering raw data in 1 contiguous segment
Setting up band-pass filter from 0.3 - 75 Hz

FIR filter parameters
---------------------
Designing a one-pass, zero-phase, non-causal bandpass filter:
- Windowed time-domain design (firwin) method
- Hamming window with 0.0194 passband ripple and 53 dB stopband attenuation
- Lower passband edge: 0.30
- Lower transition bandwidth: 0.30 Hz (-6 dB cutoff frequency: 0.15 Hz)
- Upper passband edge: 75.00 Hz
- Upper transition bandwidth: 18.75 Hz (-6 dB cutoff frequency: 84.38 Hz)
- Filter length: 2201 samples (11.005 s)

Filtering raw data in 1 contiguous segment
Setting up band-stop filter from 49 - 51 Hz

FIR filter parameters
---------------------
Designing a one-pass, zero-phase, non-causal bandstop filter:
- Windowed time-domain design (firwin) method
- Hamming window with 0.0194 passband ripple and 53 dB stopband attenuation
- Lower passband edge: 49.38
- Lower transition bandwidth: 0.50 Hz (-6 dB cutoff frequency: 49.12 Hz)
- Upper passband edge: 50.62 Hz
- Upper transition bandwidth: 0.50 Hz (-6 dB cutoff frequency: 50.88 Hz)
- Filter length: 1321 samples (6.605 s)

(60200, 19)
200
(60, 19, 5, 200)
Extracting EDF parameters from /home/wkim/data/mumtaz/files/MDD S30 EC.edf...
Setting channel info structure...
Creating raw.info structure...
Reading 0 ... 61695  =      0.000 ...   240.996 secs...
['EEG Fp1-LE', 'EEG F3-LE', 'EEG C3-LE', 'EEG P3-LE', 'EEG O1-LE', 'EEG F7-LE', 'EEG T3-LE', 'EEG T5-LE', 'EEG Fz-LE', 'EEG Fp2-LE', 'EEG F4-LE', 'EEG C4-LE', 'EEG P4-LE', 'EEG O2-LE', 'EEG F8-LE', 'EEG T4-LE', 'EEG T6-LE', 'EEG Cz-LE', 'EEG Pz-LE', 'EEG A2-A1']
NOTE: pick_channels() is a legacy function. New code should use inst.pick(...).
['EEG Fp1-LE', 'EEG Fp2-LE', 'EEG F3-LE', 'EEG F4-LE', 'EEG C3-LE', 'EEG C4-LE', 'EEG P3-LE', 'EEG P4-LE', 'EEG O1-LE', 'EEG O2-LE', 'EEG F7-LE', 'EEG F8-LE', 'EEG T3-LE', 'EEG T4-LE', 'EEG T5-LE', 'EEG T6-LE', 'EEG Fz-LE', 'EEG Cz-LE', 'EEG Pz-LE']
Filtering raw data in 1 contiguous segment
Setting up band-pass filter from 0.3 - 75 Hz

FIR filter parameters
---------------------
Designing a one-pass, zero-phase, non-causal bandpass filter:
- Windowed time-domain design (firwin) method
- Hamming window with 0.0194 passband ripple and 53 dB stopband attenuation
- Lower passband edge: 0.30
- Lower transition bandwidth: 0.30 Hz (-6 dB cutoff frequency: 0.15 Hz)
- Upper passband edge: 75.00 Hz
- Upper transition bandwidth: 18.75 Hz (-6 dB cutoff frequency: 84.38 Hz)
- Filter length: 2201 samples (11.005 s)

Filtering raw data in 1 contiguous segment
Setting up band-stop filter from 49 - 51 Hz

FIR filter parameters
---------------------
Designing a one-pass, zero-phase, non-causal bandstop filter:
- Windowed time-domain design (firwin) method
- Hamming window with 0.0194 passband ripple and 53 dB stopband attenuation
- Lower passband edge: 49.38
- Lower transition bandwidth: 0.50 Hz (-6 dB cutoff frequency: 49.12 Hz)
- Upper passband edge: 50.62 Hz
- Upper transition bandwidth: 0.50 Hz (-6 dB cutoff frequency: 50.88 Hz)
- Filter length: 1321 samples (6.605 s)

(48200, 19)
200
(48, 19, 5, 200)
Extracting EDF parameters from /home/wkim/data/mumtaz/files/MDD S30 EO.edf...
Setting channel info structure...
Creating raw.info structure...
Reading 0 ... 76799  =      0.000 ...   299.996 secs...
['EEG Fp1-LE', 'EEG F3-LE', 'EEG C3-LE', 'EEG P3-LE', 'EEG O1-LE', 'EEG F7-LE', 'EEG T3-LE', 'EEG T5-LE', 'EEG Fz-LE', 'EEG Fp2-LE', 'EEG F4-LE', 'EEG C4-LE', 'EEG P4-LE', 'EEG O2-LE', 'EEG F8-LE', 'EEG T4-LE', 'EEG T6-LE', 'EEG Cz-LE', 'EEG Pz-LE', 'EEG A2-A1']
NOTE: pick_channels() is a legacy function. New code should use inst.pick(...).
['EEG Fp1-LE', 'EEG Fp2-LE', 'EEG F3-LE', 'EEG F4-LE', 'EEG C3-LE', 'EEG C4-LE', 'EEG P3-LE', 'EEG P4-LE', 'EEG O1-LE', 'EEG O2-LE', 'EEG F7-LE', 'EEG F8-LE', 'EEG T3-LE', 'EEG T4-LE', 'EEG T5-LE', 'EEG T6-LE', 'EEG Fz-LE', 'EEG Cz-LE', 'EEG Pz-LE']
Filtering raw data in 1 contiguous segment
Setting up band-pass filter from 0.3 - 75 Hz

FIR filter parameters
---------------------
Designing a one-pass, zero-phase, non-causal bandpass filter:
- Windowed time-domain design (firwin) method
- Hamming window with 0.0194 passband ripple and 53 dB stopband attenuation
- Lower passband edge: 0.30
- Lower transition bandwidth: 0.30 Hz (-6 dB cutoff frequency: 0.15 Hz)
- Upper passband edge: 75.00 Hz
- Upper transition bandwidth: 18.75 Hz (-6 dB cutoff frequency: 84.38 Hz)
- Filter length: 2201 samples (11.005 s)

Filtering raw data in 1 contiguous segment
Setting up band-stop filter from 49 - 51 Hz

FIR filter parameters
---------------------
Designing a one-pass, zero-phase, non-causal bandstop filter:
- Windowed time-domain design (firwin) method
- Hamming window with 0.0194 passband ripple and 53 dB stopband attenuation
- Lower passband edge: 49.38
- Lower transition bandwidth: 0.50 Hz (-6 dB cutoff frequency: 49.12 Hz)
- Upper passband edge: 50.62 Hz
- Upper transition bandwidth: 0.50 Hz (-6 dB cutoff frequency: 50.88 Hz)
- Filter length: 1321 samples (6.605 s)

(60000, 19)
0
(60, 19, 5, 200)
Extracting EDF parameters from /home/wkim/data/mumtaz/files/MDD S31 EC.edf...
Setting channel info structure...
Creating raw.info structure...
Reading 0 ... 77311  =      0.000 ...   301.996 secs...
['EEG Fp1-LE', 'EEG F3-LE', 'EEG C3-LE', 'EEG P3-LE', 'EEG O1-LE', 'EEG F7-LE', 'EEG T3-LE', 'EEG T5-LE', 'EEG Fz-LE', 'EEG Fp2-LE', 'EEG F4-LE', 'EEG C4-LE', 'EEG P4-LE', 'EEG O2-LE', 'EEG F8-LE', 'EEG T4-LE', 'EEG T6-LE', 'EEG Cz-LE', 'EEG Pz-LE', 'EEG A2-A1']
NOTE: pick_channels() is a legacy function. New code should use inst.pick(...).
['EEG Fp1-LE', 'EEG Fp2-LE', 'EEG F3-LE', 'EEG F4-LE', 'EEG C3-LE', 'EEG C4-LE', 'EEG P3-LE', 'EEG P4-LE', 'EEG O1-LE', 'EEG O2-LE', 'EEG F7-LE', 'EEG F8-LE', 'EEG T3-LE', 'EEG T4-LE', 'EEG T5-LE', 'EEG T6-LE', 'EEG Fz-LE', 'EEG Cz-LE', 'EEG Pz-LE']
Filtering raw data in 1 contiguous segment
Setting up band-pass filter from 0.3 - 75 Hz

FIR filter parameters
---------------------
Designing a one-pass, zero-phase, non-causal bandpass filter:
- Windowed time-domain design (firwin) method
- Hamming window with 0.0194 passband ripple and 53 dB stopband attenuation
- Lower passband edge: 0.30
- Lower transition bandwidth: 0.30 Hz (-6 dB cutoff frequency: 0.15 Hz)
- Upper passband edge: 75.00 Hz
- Upper transition bandwidth: 18.75 Hz (-6 dB cutoff frequency: 84.38 Hz)
- Filter length: 2201 samples (11.005 s)

Filtering raw data in 1 contiguous segment
Setting up band-stop filter from 49 - 51 Hz

FIR filter parameters
---------------------
Designing a one-pass, zero-phase, non-causal bandstop filter:
- Windowed time-domain design (firwin) method
- Hamming window with 0.0194 passband ripple and 53 dB stopband attenuation
- Lower passband edge: 49.38
- Lower transition bandwidth: 0.50 Hz (-6 dB cutoff frequency: 49.12 Hz)
- Upper passband edge: 50.62 Hz
- Upper transition bandwidth: 0.50 Hz (-6 dB cutoff frequency: 50.88 Hz)
- Filter length: 1321 samples (6.605 s)

(60400, 19)
400
(60, 19, 5, 200)
Extracting EDF parameters from /home/wkim/data/mumtaz/files/MDD S31 EO.edf...
Setting channel info structure...
Creating raw.info structure...
Reading 0 ... 77055  =      0.000 ...   300.996 secs...
['EEG Fp1-LE', 'EEG F3-LE', 'EEG C3-LE', 'EEG P3-LE', 'EEG O1-LE', 'EEG F7-LE', 'EEG T3-LE', 'EEG T5-LE', 'EEG Fz-LE', 'EEG Fp2-LE', 'EEG F4-LE', 'EEG C4-LE', 'EEG P4-LE', 'EEG O2-LE', 'EEG F8-LE', 'EEG T4-LE', 'EEG T6-LE', 'EEG Cz-LE', 'EEG Pz-LE', 'EEG A2-A1']
NOTE: pick_channels() is a legacy function. New code should use inst.pick(...).
['EEG Fp1-LE', 'EEG Fp2-LE', 'EEG F3-LE', 'EEG F4-LE', 'EEG C3-LE', 'EEG C4-LE', 'EEG P3-LE', 'EEG P4-LE', 'EEG O1-LE', 'EEG O2-LE', 'EEG F7-LE', 'EEG F8-LE', 'EEG T3-LE', 'EEG T4-LE', 'EEG T5-LE', 'EEG T6-LE', 'EEG Fz-LE', 'EEG Cz-LE', 'EEG Pz-LE']
Filtering raw data in 1 contiguous segment
Setting up band-pass filter from 0.3 - 75 Hz

FIR filter parameters
---------------------
Designing a one-pass, zero-phase, non-causal bandpass filter:
- Windowed time-domain design (firwin) method
- Hamming window with 0.0194 passband ripple and 53 dB stopband attenuation
- Lower passband edge: 0.30
- Lower transition bandwidth: 0.30 Hz (-6 dB cutoff frequency: 0.15 Hz)
- Upper passband edge: 75.00 Hz
- Upper transition bandwidth: 18.75 Hz (-6 dB cutoff frequency: 84.38 Hz)
- Filter length: 2201 samples (11.005 s)

Filtering raw data in 1 contiguous segment
Setting up band-stop filter from 49 - 51 Hz

FIR filter parameters
---------------------
Designing a one-pass, zero-phase, non-causal bandstop filter:
- Windowed time-domain design (firwin) method
- Hamming window with 0.0194 passband ripple and 53 dB stopband attenuation
- Lower passband edge: 49.38
- Lower transition bandwidth: 0.50 Hz (-6 dB cutoff frequency: 49.12 Hz)
- Upper passband edge: 50.62 Hz
- Upper transition bandwidth: 0.50 Hz (-6 dB cutoff frequency: 50.88 Hz)
- Filter length: 1321 samples (6.605 s)

(60200, 19)
200
(60, 19, 5, 200)
Extracting EDF parameters from /home/wkim/data/mumtaz/files/MDD S32 EC.edf...
Setting channel info structure...
Creating raw.info structure...
Reading 0 ... 76543  =      0.000 ...   298.996 secs...
['EEG Fp1-LE', 'EEG F3-LE', 'EEG C3-LE', 'EEG P3-LE', 'EEG O1-LE', 'EEG F7-LE', 'EEG T3-LE', 'EEG T5-LE', 'EEG Fz-LE', 'EEG Fp2-LE', 'EEG F4-LE', 'EEG C4-LE', 'EEG P4-LE', 'EEG O2-LE', 'EEG F8-LE', 'EEG T4-LE', 'EEG T6-LE', 'EEG Cz-LE', 'EEG Pz-LE', 'EEG A2-A1']
NOTE: pick_channels() is a legacy function. New code should use inst.pick(...).
['EEG Fp1-LE', 'EEG Fp2-LE', 'EEG F3-LE', 'EEG F4-LE', 'EEG C3-LE', 'EEG C4-LE', 'EEG P3-LE', 'EEG P4-LE', 'EEG O1-LE', 'EEG O2-LE', 'EEG F7-LE', 'EEG F8-LE', 'EEG T3-LE', 'EEG T4-LE', 'EEG T5-LE', 'EEG T6-LE', 'EEG Fz-LE', 'EEG Cz-LE', 'EEG Pz-LE']
Filtering raw data in 1 contiguous segment
Setting up band-pass filter from 0.3 - 75 Hz

FIR filter parameters
---------------------
Designing a one-pass, zero-phase, non-causal bandpass filter:
- Windowed time-domain design (firwin) method
- Hamming window with 0.0194 passband ripple and 53 dB stopband attenuation
- Lower passband edge: 0.30
- Lower transition bandwidth: 0.30 Hz (-6 dB cutoff frequency: 0.15 Hz)
- Upper passband edge: 75.00 Hz
- Upper transition bandwidth: 18.75 Hz (-6 dB cutoff frequency: 84.38 Hz)
- Filter length: 2201 samples (11.005 s)

Filtering raw data in 1 contiguous segment
Setting up band-stop filter from 49 - 51 Hz

FIR filter parameters
---------------------
Designing a one-pass, zero-phase, non-causal bandstop filter:
- Windowed time-domain design (firwin) method
- Hamming window with 0.0194 passband ripple and 53 dB stopband attenuation
- Lower passband edge: 49.38
- Lower transition bandwidth: 0.50 Hz (-6 dB cutoff frequency: 49.12 Hz)
- Upper passband edge: 50.62 Hz
- Upper transition bandwidth: 0.50 Hz (-6 dB cutoff frequency: 50.88 Hz)
- Filter length: 1321 samples (6.605 s)

(59800, 19)
800
(59, 19, 5, 200)
Extracting EDF parameters from /home/wkim/data/mumtaz/files/MDD S32 EO.edf...
Setting channel info structure...
Creating raw.info structure...
Reading 0 ... 76799  =      0.000 ...   299.996 secs...
['EEG Fp1-LE', 'EEG F3-LE', 'EEG C3-LE', 'EEG P3-LE', 'EEG O1-LE', 'EEG F7-LE', 'EEG T3-LE', 'EEG T5-LE', 'EEG Fz-LE', 'EEG Fp2-LE', 'EEG F4-LE', 'EEG C4-LE', 'EEG P4-LE', 'EEG O2-LE', 'EEG F8-LE', 'EEG T4-LE', 'EEG T6-LE', 'EEG Cz-LE', 'EEG Pz-LE', 'EEG A2-A1']
NOTE: pick_channels() is a legacy function. New code should use inst.pick(...).
['EEG Fp1-LE', 'EEG Fp2-LE', 'EEG F3-LE', 'EEG F4-LE', 'EEG C3-LE', 'EEG C4-LE', 'EEG P3-LE', 'EEG P4-LE', 'EEG O1-LE', 'EEG O2-LE', 'EEG F7-LE', 'EEG F8-LE', 'EEG T3-LE', 'EEG T4-LE', 'EEG T5-LE', 'EEG T6-LE', 'EEG Fz-LE', 'EEG Cz-LE', 'EEG Pz-LE']
Filtering raw data in 1 contiguous segment
Setting up band-pass filter from 0.3 - 75 Hz

FIR filter parameters
---------------------
Designing a one-pass, zero-phase, non-causal bandpass filter:
- Windowed time-domain design (firwin) method
- Hamming window with 0.0194 passband ripple and 53 dB stopband attenuation
- Lower passband edge: 0.30
- Lower transition bandwidth: 0.30 Hz (-6 dB cutoff frequency: 0.15 Hz)
- Upper passband edge: 75.00 Hz
- Upper transition bandwidth: 18.75 Hz (-6 dB cutoff frequency: 84.38 Hz)
- Filter length: 2201 samples (11.005 s)

Filtering raw data in 1 contiguous segment
Setting up band-stop filter from 49 - 51 Hz

FIR filter parameters
---------------------
Designing a one-pass, zero-phase, non-causal bandstop filter:
- Windowed time-domain design (firwin) method
- Hamming window with 0.0194 passband ripple and 53 dB stopband attenuation
- Lower passband edge: 49.38
- Lower transition bandwidth: 0.50 Hz (-6 dB cutoff frequency: 49.12 Hz)
- Upper passband edge: 50.62 Hz
- Upper transition bandwidth: 0.50 Hz (-6 dB cutoff frequency: 50.88 Hz)
- Filter length: 1321 samples (6.605 s)

(60000, 19)
0
(60, 19, 5, 200)
Extracting EDF parameters from /home/wkim/data/mumtaz/files/MDD S33 EC.edf...
Setting channel info structure...
Creating raw.info structure...
Reading 0 ... 76287  =      0.000 ...   297.996 secs...
['EEG Fp1-LE', 'EEG F3-LE', 'EEG C3-LE', 'EEG P3-LE', 'EEG O1-LE', 'EEG F7-LE', 'EEG T3-LE', 'EEG T5-LE', 'EEG Fz-LE', 'EEG Fp2-LE', 'EEG F4-LE', 'EEG C4-LE', 'EEG P4-LE', 'EEG O2-LE', 'EEG F8-LE', 'EEG T4-LE', 'EEG T6-LE', 'EEG Cz-LE', 'EEG Pz-LE', 'EEG A2-A1']
NOTE: pick_channels() is a legacy function. New code should use inst.pick(...).
['EEG Fp1-LE', 'EEG Fp2-LE', 'EEG F3-LE', 'EEG F4-LE', 'EEG C3-LE', 'EEG C4-LE', 'EEG P3-LE', 'EEG P4-LE', 'EEG O1-LE', 'EEG O2-LE', 'EEG F7-LE', 'EEG F8-LE', 'EEG T3-LE', 'EEG T4-LE', 'EEG T5-LE', 'EEG T6-LE', 'EEG Fz-LE', 'EEG Cz-LE', 'EEG Pz-LE']
Filtering raw data in 1 contiguous segment
Setting up band-pass filter from 0.3 - 75 Hz

FIR filter parameters
---------------------
Designing a one-pass, zero-phase, non-causal bandpass filter:
- Windowed time-domain design (firwin) method
- Hamming window with 0.0194 passband ripple and 53 dB stopband attenuation
- Lower passband edge: 0.30
- Lower transition bandwidth: 0.30 Hz (-6 dB cutoff frequency: 0.15 Hz)
- Upper passband edge: 75.00 Hz
- Upper transition bandwidth: 18.75 Hz (-6 dB cutoff frequency: 84.38 Hz)
- Filter length: 2201 samples (11.005 s)

Filtering raw data in 1 contiguous segment
Setting up band-stop filter from 49 - 51 Hz

FIR filter parameters
---------------------
Designing a one-pass, zero-phase, non-causal bandstop filter:
- Windowed time-domain design (firwin) method
- Hamming window with 0.0194 passband ripple and 53 dB stopband attenuation
- Lower passband edge: 49.38
- Lower transition bandwidth: 0.50 Hz (-6 dB cutoff frequency: 49.12 Hz)
- Upper passband edge: 50.62 Hz
- Upper transition bandwidth: 0.50 Hz (-6 dB cutoff frequency: 50.88 Hz)
- Filter length: 1321 samples (6.605 s)

(59600, 19)
600
(59, 19, 5, 200)
Extracting EDF parameters from /home/wkim/data/mumtaz/files/MDD S33 EO.edf...
Setting channel info structure...
Creating raw.info structure...
Reading 0 ... 75775  =      0.000 ...   295.996 secs...
['EEG Fp1-LE', 'EEG F3-LE', 'EEG C3-LE', 'EEG P3-LE', 'EEG O1-LE', 'EEG F7-LE', 'EEG T3-LE', 'EEG T5-LE', 'EEG Fz-LE', 'EEG Fp2-LE', 'EEG F4-LE', 'EEG C4-LE', 'EEG P4-LE', 'EEG O2-LE', 'EEG F8-LE', 'EEG T4-LE', 'EEG T6-LE', 'EEG Cz-LE', 'EEG Pz-LE', 'EEG A2-A1']
NOTE: pick_channels() is a legacy function. New code should use inst.pick(...).
['EEG Fp1-LE', 'EEG Fp2-LE', 'EEG F3-LE', 'EEG F4-LE', 'EEG C3-LE', 'EEG C4-LE', 'EEG P3-LE', 'EEG P4-LE', 'EEG O1-LE', 'EEG O2-LE', 'EEG F7-LE', 'EEG F8-LE', 'EEG T3-LE', 'EEG T4-LE', 'EEG T5-LE', 'EEG T6-LE', 'EEG Fz-LE', 'EEG Cz-LE', 'EEG Pz-LE']
Filtering raw data in 1 contiguous segment
Setting up band-pass filter from 0.3 - 75 Hz

FIR filter parameters
---------------------
Designing a one-pass, zero-phase, non-causal bandpass filter:
- Windowed time-domain design (firwin) method
- Hamming window with 0.0194 passband ripple and 53 dB stopband attenuation
- Lower passband edge: 0.30
- Lower transition bandwidth: 0.30 Hz (-6 dB cutoff frequency: 0.15 Hz)
- Upper passband edge: 75.00 Hz
- Upper transition bandwidth: 18.75 Hz (-6 dB cutoff frequency: 84.38 Hz)
- Filter length: 2201 samples (11.005 s)

Filtering raw data in 1 contiguous segment
Setting up band-stop filter from 49 - 51 Hz

FIR filter parameters
---------------------
Designing a one-pass, zero-phase, non-causal bandstop filter:
- Windowed time-domain design (firwin) method
- Hamming window with 0.0194 passband ripple and 53 dB stopband attenuation
- Lower passband edge: 49.38
- Lower transition bandwidth: 0.50 Hz (-6 dB cutoff frequency: 49.12 Hz)
- Upper passband edge: 50.62 Hz
- Upper transition bandwidth: 0.50 Hz (-6 dB cutoff frequency: 50.88 Hz)
- Filter length: 1321 samples (6.605 s)

(59200, 19)
200
(59, 19, 5, 200)
Extracting EDF parameters from /home/wkim/data/mumtaz/files/H S5 EC.edf...
Setting channel info structure...
Creating raw.info structure...
Reading 0 ... 77567  =      0.000 ...   302.996 secs...
['EEG Fp1-LE', 'EEG F3-LE', 'EEG C3-LE', 'EEG P3-LE', 'EEG O1-LE', 'EEG F7-LE', 'EEG T3-LE', 'EEG T5-LE', 'EEG Fz-LE', 'EEG Fp2-LE', 'EEG F4-LE', 'EEG C4-LE', 'EEG P4-LE', 'EEG O2-LE', 'EEG F8-LE', 'EEG T4-LE', 'EEG T6-LE', 'EEG Cz-LE', 'EEG Pz-LE', 'EEG A2-A1', 'EEG 23A-23R', 'EEG 24A-24R']
NOTE: pick_channels() is a legacy function. New code should use inst.pick(...).
['EEG Fp1-LE', 'EEG Fp2-LE', 'EEG F3-LE', 'EEG F4-LE', 'EEG C3-LE', 'EEG C4-LE', 'EEG P3-LE', 'EEG P4-LE', 'EEG O1-LE', 'EEG O2-LE', 'EEG F7-LE', 'EEG F8-LE', 'EEG T3-LE', 'EEG T4-LE', 'EEG T5-LE', 'EEG T6-LE', 'EEG Fz-LE', 'EEG Cz-LE', 'EEG Pz-LE']
Filtering raw data in 1 contiguous segment
Setting up band-pass filter from 0.3 - 75 Hz

FIR filter parameters
---------------------
Designing a one-pass, zero-phase, non-causal bandpass filter:
- Windowed time-domain design (firwin) method
- Hamming window with 0.0194 passband ripple and 53 dB stopband attenuation
- Lower passband edge: 0.30
- Lower transition bandwidth: 0.30 Hz (-6 dB cutoff frequency: 0.15 Hz)
- Upper passband edge: 75.00 Hz
- Upper transition bandwidth: 18.75 Hz (-6 dB cutoff frequency: 84.38 Hz)
- Filter length: 2201 samples (11.005 s)

Filtering raw data in 1 contiguous segment
Setting up band-stop filter from 49 - 51 Hz

FIR filter parameters
---------------------
Designing a one-pass, zero-phase, non-causal bandstop filter:
- Windowed time-domain design (firwin) method
- Hamming window with 0.0194 passband ripple and 53 dB stopband attenuation
- Lower passband edge: 49.38
- Lower transition bandwidth: 0.50 Hz (-6 dB cutoff frequency: 49.12 Hz)
- Upper passband edge: 50.62 Hz
- Upper transition bandwidth: 0.50 Hz (-6 dB cutoff frequency: 50.88 Hz)
- Filter length: 1321 samples (6.605 s)

(60600, 19)
600
(60, 19, 5, 200)
Extracting EDF parameters from /home/wkim/data/mumtaz/files/H S5 EO.edf...
Setting channel info structure...
Creating raw.info structure...
Reading 0 ... 79871  =      0.000 ...   311.996 secs...
['EEG Fp1-LE', 'EEG F3-LE', 'EEG C3-LE', 'EEG P3-LE', 'EEG O1-LE', 'EEG F7-LE', 'EEG T3-LE', 'EEG T5-LE', 'EEG Fz-LE', 'EEG Fp2-LE', 'EEG F4-LE', 'EEG C4-LE', 'EEG P4-LE', 'EEG O2-LE', 'EEG F8-LE', 'EEG T4-LE', 'EEG T6-LE', 'EEG Cz-LE', 'EEG Pz-LE', 'EEG A2-A1', 'EEG 23A-23R', 'EEG 24A-24R']
NOTE: pick_channels() is a legacy function. New code should use inst.pick(...).
['EEG Fp1-LE', 'EEG Fp2-LE', 'EEG F3-LE', 'EEG F4-LE', 'EEG C3-LE', 'EEG C4-LE', 'EEG P3-LE', 'EEG P4-LE', 'EEG O1-LE', 'EEG O2-LE', 'EEG F7-LE', 'EEG F8-LE', 'EEG T3-LE', 'EEG T4-LE', 'EEG T5-LE', 'EEG T6-LE', 'EEG Fz-LE', 'EEG Cz-LE', 'EEG Pz-LE']
Filtering raw data in 1 contiguous segment
Setting up band-pass filter from 0.3 - 75 Hz

FIR filter parameters
---------------------
Designing a one-pass, zero-phase, non-causal bandpass filter:
- Windowed time-domain design (firwin) method
- Hamming window with 0.0194 passband ripple and 53 dB stopband attenuation
- Lower passband edge: 0.30
- Lower transition bandwidth: 0.30 Hz (-6 dB cutoff frequency: 0.15 Hz)
- Upper passband edge: 75.00 Hz
- Upper transition bandwidth: 18.75 Hz (-6 dB cutoff frequency: 84.38 Hz)
- Filter length: 2201 samples (11.005 s)

Filtering raw data in 1 contiguous segment
Setting up band-stop filter from 49 - 51 Hz

FIR filter parameters
---------------------
Designing a one-pass, zero-phase, non-causal bandstop filter:
- Windowed time-domain design (firwin) method
- Hamming window with 0.0194 passband ripple and 53 dB stopband attenuation
- Lower passband edge: 49.38
- Lower transition bandwidth: 0.50 Hz (-6 dB cutoff frequency: 49.12 Hz)
- Upper passband edge: 50.62 Hz
- Upper transition bandwidth: 0.50 Hz (-6 dB cutoff frequency: 50.88 Hz)
- Filter length: 1321 samples (6.605 s)

(62400, 19)
400
(62, 19, 5, 200)
Extracting EDF parameters from /home/wkim/data/mumtaz/files/H S6 EC.edf...
Setting channel info structure...
Creating raw.info structure...
Reading 0 ... 77055  =      0.000 ...   300.996 secs...
['EEG Fp1-LE', 'EEG F3-LE', 'EEG C3-LE', 'EEG P3-LE', 'EEG O1-LE', 'EEG F7-LE', 'EEG T3-LE', 'EEG T5-LE', 'EEG Fz-LE', 'EEG Fp2-LE', 'EEG F4-LE', 'EEG C4-LE', 'EEG P4-LE', 'EEG O2-LE', 'EEG F8-LE', 'EEG T4-LE', 'EEG T6-LE', 'EEG Cz-LE', 'EEG Pz-LE', 'EEG A2-A1', 'EEG 23A-23R', 'EEG 24A-24R']
NOTE: pick_channels() is a legacy function. New code should use inst.pick(...).
['EEG Fp1-LE', 'EEG Fp2-LE', 'EEG F3-LE', 'EEG F4-LE', 'EEG C3-LE', 'EEG C4-LE', 'EEG P3-LE', 'EEG P4-LE', 'EEG O1-LE', 'EEG O2-LE', 'EEG F7-LE', 'EEG F8-LE', 'EEG T3-LE', 'EEG T4-LE', 'EEG T5-LE', 'EEG T6-LE', 'EEG Fz-LE', 'EEG Cz-LE', 'EEG Pz-LE']
Filtering raw data in 1 contiguous segment
Setting up band-pass filter from 0.3 - 75 Hz

FIR filter parameters
---------------------
Designing a one-pass, zero-phase, non-causal bandpass filter:
- Windowed time-domain design (firwin) method
- Hamming window with 0.0194 passband ripple and 53 dB stopband attenuation
- Lower passband edge: 0.30
- Lower transition bandwidth: 0.30 Hz (-6 dB cutoff frequency: 0.15 Hz)
- Upper passband edge: 75.00 Hz
- Upper transition bandwidth: 18.75 Hz (-6 dB cutoff frequency: 84.38 Hz)
- Filter length: 2201 samples (11.005 s)

Filtering raw data in 1 contiguous segment
Setting up band-stop filter from 49 - 51 Hz

FIR filter parameters
---------------------
Designing a one-pass, zero-phase, non-causal bandstop filter:
- Windowed time-domain design (firwin) method
- Hamming window with 0.0194 passband ripple and 53 dB stopband attenuation
- Lower passband edge: 49.38
- Lower transition bandwidth: 0.50 Hz (-6 dB cutoff frequency: 49.12 Hz)
- Upper passband edge: 50.62 Hz
- Upper transition bandwidth: 0.50 Hz (-6 dB cutoff frequency: 50.88 Hz)
- Filter length: 1321 samples (6.605 s)

(60200, 19)
200
(60, 19, 5, 200)
Extracting EDF parameters from /home/wkim/data/mumtaz/files/H S6 EO.edf...
Setting channel info structure...
Creating raw.info structure...
Reading 0 ... 77567  =      0.000 ...   302.996 secs...
['EEG Fp1-LE', 'EEG F3-LE', 'EEG C3-LE', 'EEG P3-LE', 'EEG O1-LE', 'EEG F7-LE', 'EEG T3-LE', 'EEG T5-LE', 'EEG Fz-LE', 'EEG Fp2-LE', 'EEG F4-LE', 'EEG C4-LE', 'EEG P4-LE', 'EEG O2-LE', 'EEG F8-LE', 'EEG T4-LE', 'EEG T6-LE', 'EEG Cz-LE', 'EEG Pz-LE', 'EEG A2-A1', 'EEG 23A-23R', 'EEG 24A-24R']
NOTE: pick_channels() is a legacy function. New code should use inst.pick(...).
['EEG Fp1-LE', 'EEG Fp2-LE', 'EEG F3-LE', 'EEG F4-LE', 'EEG C3-LE', 'EEG C4-LE', 'EEG P3-LE', 'EEG P4-LE', 'EEG O1-LE', 'EEG O2-LE', 'EEG F7-LE', 'EEG F8-LE', 'EEG T3-LE', 'EEG T4-LE', 'EEG T5-LE', 'EEG T6-LE', 'EEG Fz-LE', 'EEG Cz-LE', 'EEG Pz-LE']
Filtering raw data in 1 contiguous segment
Setting up band-pass filter from 0.3 - 75 Hz

FIR filter parameters
---------------------
Designing a one-pass, zero-phase, non-causal bandpass filter:
- Windowed time-domain design (firwin) method
- Hamming window with 0.0194 passband ripple and 53 dB stopband attenuation
- Lower passband edge: 0.30
- Lower transition bandwidth: 0.30 Hz (-6 dB cutoff frequency: 0.15 Hz)
- Upper passband edge: 75.00 Hz
- Upper transition bandwidth: 18.75 Hz (-6 dB cutoff frequency: 84.38 Hz)
- Filter length: 2201 samples (11.005 s)

Filtering raw data in 1 contiguous segment
Setting up band-stop filter from 49 - 51 Hz

FIR filter parameters
---------------------
Designing a one-pass, zero-phase, non-causal bandstop filter:
- Windowed time-domain design (firwin) method
- Hamming window with 0.0194 passband ripple and 53 dB stopband attenuation
- Lower passband edge: 49.38
- Lower transition bandwidth: 0.50 Hz (-6 dB cutoff frequency: 49.12 Hz)
- Upper passband edge: 50.62 Hz
- Upper transition bandwidth: 0.50 Hz (-6 dB cutoff frequency: 50.88 Hz)
- Filter length: 1321 samples (6.605 s)

(60600, 19)
600
(60, 19, 5, 200)
Extracting EDF parameters from /home/wkim/data/mumtaz/files/H S7 EC.edf...
Setting channel info structure...
Creating raw.info structure...
Reading 0 ... 91135  =      0.000 ...   355.996 secs...
['EEG Fp1-LE', 'EEG F3-LE', 'EEG C3-LE', 'EEG P3-LE', 'EEG O1-LE', 'EEG F7-LE', 'EEG T3-LE', 'EEG T5-LE', 'EEG Fz-LE', 'EEG Fp2-LE', 'EEG F4-LE', 'EEG C4-LE', 'EEG P4-LE', 'EEG O2-LE', 'EEG F8-LE', 'EEG T4-LE', 'EEG T6-LE', 'EEG Cz-LE', 'EEG Pz-LE', 'EEG A2-A1', 'EEG 23A-23R', 'EEG 24A-24R']
NOTE: pick_channels() is a legacy function. New code should use inst.pick(...).
['EEG Fp1-LE', 'EEG Fp2-LE', 'EEG F3-LE', 'EEG F4-LE', 'EEG C3-LE', 'EEG C4-LE', 'EEG P3-LE', 'EEG P4-LE', 'EEG O1-LE', 'EEG O2-LE', 'EEG F7-LE', 'EEG F8-LE', 'EEG T3-LE', 'EEG T4-LE', 'EEG T5-LE', 'EEG T6-LE', 'EEG Fz-LE', 'EEG Cz-LE', 'EEG Pz-LE']
Filtering raw data in 1 contiguous segment
Setting up band-pass filter from 0.3 - 75 Hz

FIR filter parameters
---------------------
Designing a one-pass, zero-phase, non-causal bandpass filter:
- Windowed time-domain design (firwin) method
- Hamming window with 0.0194 passband ripple and 53 dB stopband attenuation
- Lower passband edge: 0.30
- Lower transition bandwidth: 0.30 Hz (-6 dB cutoff frequency: 0.15 Hz)
- Upper passband edge: 75.00 Hz
- Upper transition bandwidth: 18.75 Hz (-6 dB cutoff frequency: 84.38 Hz)
- Filter length: 2201 samples (11.005 s)

Filtering raw data in 1 contiguous segment
Setting up band-stop filter from 49 - 51 Hz

FIR filter parameters
---------------------
Designing a one-pass, zero-phase, non-causal bandstop filter:
- Windowed time-domain design (firwin) method
- Hamming window with 0.0194 passband ripple and 53 dB stopband attenuation
- Lower passband edge: 49.38
- Lower transition bandwidth: 0.50 Hz (-6 dB cutoff frequency: 49.12 Hz)
- Upper passband edge: 50.62 Hz
- Upper transition bandwidth: 0.50 Hz (-6 dB cutoff frequency: 50.88 Hz)
- Filter length: 1321 samples (6.605 s)

(71200, 19)
200
(71, 19, 5, 200)
Extracting EDF parameters from /home/wkim/data/mumtaz/files/H S7 EO.edf...
Setting channel info structure...
Creating raw.info structure...
Reading 0 ... 77567  =      0.000 ...   302.996 secs...
['EEG Fp1-LE', 'EEG F3-LE', 'EEG C3-LE', 'EEG P3-LE', 'EEG O1-LE', 'EEG F7-LE', 'EEG T3-LE', 'EEG T5-LE', 'EEG Fz-LE', 'EEG Fp2-LE', 'EEG F4-LE', 'EEG C4-LE', 'EEG P4-LE', 'EEG O2-LE', 'EEG F8-LE', 'EEG T4-LE', 'EEG T6-LE', 'EEG Cz-LE', 'EEG Pz-LE', 'EEG A2-A1', 'EEG 23A-23R', 'EEG 24A-24R']
NOTE: pick_channels() is a legacy function. New code should use inst.pick(...).
['EEG Fp1-LE', 'EEG Fp2-LE', 'EEG F3-LE', 'EEG F4-LE', 'EEG C3-LE', 'EEG C4-LE', 'EEG P3-LE', 'EEG P4-LE', 'EEG O1-LE', 'EEG O2-LE', 'EEG F7-LE', 'EEG F8-LE', 'EEG T3-LE', 'EEG T4-LE', 'EEG T5-LE', 'EEG T6-LE', 'EEG Fz-LE', 'EEG Cz-LE', 'EEG Pz-LE']
Filtering raw data in 1 contiguous segment
Setting up band-pass filter from 0.3 - 75 Hz

FIR filter parameters
---------------------
Designing a one-pass, zero-phase, non-causal bandpass filter:
- Windowed time-domain design (firwin) method
- Hamming window with 0.0194 passband ripple and 53 dB stopband attenuation
- Lower passband edge: 0.30
- Lower transition bandwidth: 0.30 Hz (-6 dB cutoff frequency: 0.15 Hz)
- Upper passband edge: 75.00 Hz
- Upper transition bandwidth: 18.75 Hz (-6 dB cutoff frequency: 84.38 Hz)
- Filter length: 2201 samples (11.005 s)

Filtering raw data in 1 contiguous segment
Setting up band-stop filter from 49 - 51 Hz

FIR filter parameters
---------------------
Designing a one-pass, zero-phase, non-causal bandstop filter:
- Windowed time-domain design (firwin) method
- Hamming window with 0.0194 passband ripple and 53 dB stopband attenuation
- Lower passband edge: 49.38
- Lower transition bandwidth: 0.50 Hz (-6 dB cutoff frequency: 49.12 Hz)
- Upper passband edge: 50.62 Hz
- Upper transition bandwidth: 0.50 Hz (-6 dB cutoff frequency: 50.88 Hz)
- Filter length: 1321 samples (6.605 s)

(60600, 19)
600
(60, 19, 5, 200)
Extracting EDF parameters from /home/wkim/data/mumtaz/files/H S8 EC.edf...
Setting channel info structure...
Creating raw.info structure...
Reading 0 ... 77311  =      0.000 ...   301.996 secs...
['EEG Fp1-LE', 'EEG F3-LE', 'EEG C3-LE', 'EEG P3-LE', 'EEG O1-LE', 'EEG F7-LE', 'EEG T3-LE', 'EEG T5-LE', 'EEG Fz-LE', 'EEG Fp2-LE', 'EEG F4-LE', 'EEG C4-LE', 'EEG P4-LE', 'EEG O2-LE', 'EEG F8-LE', 'EEG T4-LE', 'EEG T6-LE', 'EEG Cz-LE', 'EEG Pz-LE', 'EEG A2-A1', 'EEG 23A-23R', 'EEG 24A-24R']
NOTE: pick_channels() is a legacy function. New code should use inst.pick(...).
['EEG Fp1-LE', 'EEG Fp2-LE', 'EEG F3-LE', 'EEG F4-LE', 'EEG C3-LE', 'EEG C4-LE', 'EEG P3-LE', 'EEG P4-LE', 'EEG O1-LE', 'EEG O2-LE', 'EEG F7-LE', 'EEG F8-LE', 'EEG T3-LE', 'EEG T4-LE', 'EEG T5-LE', 'EEG T6-LE', 'EEG Fz-LE', 'EEG Cz-LE', 'EEG Pz-LE']
Filtering raw data in 1 contiguous segment
Setting up band-pass filter from 0.3 - 75 Hz

FIR filter parameters
---------------------
Designing a one-pass, zero-phase, non-causal bandpass filter:
- Windowed time-domain design (firwin) method
- Hamming window with 0.0194 passband ripple and 53 dB stopband attenuation
- Lower passband edge: 0.30
- Lower transition bandwidth: 0.30 Hz (-6 dB cutoff frequency: 0.15 Hz)
- Upper passband edge: 75.00 Hz
- Upper transition bandwidth: 18.75 Hz (-6 dB cutoff frequency: 84.38 Hz)
- Filter length: 2201 samples (11.005 s)

Filtering raw data in 1 contiguous segment
Setting up band-stop filter from 49 - 51 Hz

FIR filter parameters
---------------------
Designing a one-pass, zero-phase, non-causal bandstop filter:
- Windowed time-domain design (firwin) method
- Hamming window with 0.0194 passband ripple and 53 dB stopband attenuation
- Lower passband edge: 49.38
- Lower transition bandwidth: 0.50 Hz (-6 dB cutoff frequency: 49.12 Hz)
- Upper passband edge: 50.62 Hz
- Upper transition bandwidth: 0.50 Hz (-6 dB cutoff frequency: 50.88 Hz)
- Filter length: 1321 samples (6.605 s)

(60400, 19)
400
(60, 19, 5, 200)
Extracting EDF parameters from /home/wkim/data/mumtaz/files/H S8 EO.edf...
Setting channel info structure...
Creating raw.info structure...
Reading 0 ... 77311  =      0.000 ...   301.996 secs...
['EEG Fp1-LE', 'EEG F3-LE', 'EEG C3-LE', 'EEG P3-LE', 'EEG O1-LE', 'EEG F7-LE', 'EEG T3-LE', 'EEG T5-LE', 'EEG Fz-LE', 'EEG Fp2-LE', 'EEG F4-LE', 'EEG C4-LE', 'EEG P4-LE', 'EEG O2-LE', 'EEG F8-LE', 'EEG T4-LE', 'EEG T6-LE', 'EEG Cz-LE', 'EEG Pz-LE', 'EEG A2-A1', 'EEG 23A-23R', 'EEG 24A-24R']
NOTE: pick_channels() is a legacy function. New code should use inst.pick(...).
['EEG Fp1-LE', 'EEG Fp2-LE', 'EEG F3-LE', 'EEG F4-LE', 'EEG C3-LE', 'EEG C4-LE', 'EEG P3-LE', 'EEG P4-LE', 'EEG O1-LE', 'EEG O2-LE', 'EEG F7-LE', 'EEG F8-LE', 'EEG T3-LE', 'EEG T4-LE', 'EEG T5-LE', 'EEG T6-LE', 'EEG Fz-LE', 'EEG Cz-LE', 'EEG Pz-LE']
Filtering raw data in 1 contiguous segment
Setting up band-pass filter from 0.3 - 75 Hz

FIR filter parameters
---------------------
Designing a one-pass, zero-phase, non-causal bandpass filter:
- Windowed time-domain design (firwin) method
- Hamming window with 0.0194 passband ripple and 53 dB stopband attenuation
- Lower passband edge: 0.30
- Lower transition bandwidth: 0.30 Hz (-6 dB cutoff frequency: 0.15 Hz)
- Upper passband edge: 75.00 Hz
- Upper transition bandwidth: 18.75 Hz (-6 dB cutoff frequency: 84.38 Hz)
- Filter length: 2201 samples (11.005 s)

Filtering raw data in 1 contiguous segment
Setting up band-stop filter from 49 - 51 Hz

FIR filter parameters
---------------------
Designing a one-pass, zero-phase, non-causal bandstop filter:
- Windowed time-domain design (firwin) method
- Hamming window with 0.0194 passband ripple and 53 dB stopband attenuation
- Lower passband edge: 49.38
- Lower transition bandwidth: 0.50 Hz (-6 dB cutoff frequency: 49.12 Hz)
- Upper passband edge: 50.62 Hz
- Upper transition bandwidth: 0.50 Hz (-6 dB cutoff frequency: 50.88 Hz)
- Filter length: 1321 samples (6.605 s)

(60400, 19)
400
(60, 19, 5, 200)
Extracting EDF parameters from /home/wkim/data/mumtaz/files/H S9 EC.edf...
Setting channel info structure...
Creating raw.info structure...
Reading 0 ... 77055  =      0.000 ...   300.996 secs...
['EEG Fp1-LE', 'EEG F3-LE', 'EEG C3-LE', 'EEG P3-LE', 'EEG O1-LE', 'EEG F7-LE', 'EEG T3-LE', 'EEG T5-LE', 'EEG Fz-LE', 'EEG Fp2-LE', 'EEG F4-LE', 'EEG C4-LE', 'EEG P4-LE', 'EEG O2-LE', 'EEG F8-LE', 'EEG T4-LE', 'EEG T6-LE', 'EEG Cz-LE', 'EEG Pz-LE', 'EEG A2-A1', 'EEG 23A-23R', 'EEG 24A-24R']
NOTE: pick_channels() is a legacy function. New code should use inst.pick(...).
['EEG Fp1-LE', 'EEG Fp2-LE', 'EEG F3-LE', 'EEG F4-LE', 'EEG C3-LE', 'EEG C4-LE', 'EEG P3-LE', 'EEG P4-LE', 'EEG O1-LE', 'EEG O2-LE', 'EEG F7-LE', 'EEG F8-LE', 'EEG T3-LE', 'EEG T4-LE', 'EEG T5-LE', 'EEG T6-LE', 'EEG Fz-LE', 'EEG Cz-LE', 'EEG Pz-LE']
Filtering raw data in 1 contiguous segment
Setting up band-pass filter from 0.3 - 75 Hz

FIR filter parameters
---------------------
Designing a one-pass, zero-phase, non-causal bandpass filter:
- Windowed time-domain design (firwin) method
- Hamming window with 0.0194 passband ripple and 53 dB stopband attenuation
- Lower passband edge: 0.30
- Lower transition bandwidth: 0.30 Hz (-6 dB cutoff frequency: 0.15 Hz)
- Upper passband edge: 75.00 Hz
- Upper transition bandwidth: 18.75 Hz (-6 dB cutoff frequency: 84.38 Hz)
- Filter length: 2201 samples (11.005 s)

Filtering raw data in 1 contiguous segment
Setting up band-stop filter from 49 - 51 Hz

FIR filter parameters
---------------------
Designing a one-pass, zero-phase, non-causal bandstop filter:
- Windowed time-domain design (firwin) method
- Hamming window with 0.0194 passband ripple and 53 dB stopband attenuation
- Lower passband edge: 49.38
- Lower transition bandwidth: 0.50 Hz (-6 dB cutoff frequency: 49.12 Hz)
- Upper passband edge: 50.62 Hz
- Upper transition bandwidth: 0.50 Hz (-6 dB cutoff frequency: 50.88 Hz)
- Filter length: 1321 samples (6.605 s)

(60200, 19)
200
(60, 19, 5, 200)
Extracting EDF parameters from /home/wkim/data/mumtaz/files/H S9 EO.edf...
Setting channel info structure...
Creating raw.info structure...
Reading 0 ... 77311  =      0.000 ...   301.996 secs...
['EEG Fp1-LE', 'EEG F3-LE', 'EEG C3-LE', 'EEG P3-LE', 'EEG O1-LE', 'EEG F7-LE', 'EEG T3-LE', 'EEG T5-LE', 'EEG Fz-LE', 'EEG Fp2-LE', 'EEG F4-LE', 'EEG C4-LE', 'EEG P4-LE', 'EEG O2-LE', 'EEG F8-LE', 'EEG T4-LE', 'EEG T6-LE', 'EEG Cz-LE', 'EEG Pz-LE', 'EEG A2-A1', 'EEG 23A-23R', 'EEG 24A-24R']
NOTE: pick_channels() is a legacy function. New code should use inst.pick(...).
['EEG Fp1-LE', 'EEG Fp2-LE', 'EEG F3-LE', 'EEG F4-LE', 'EEG C3-LE', 'EEG C4-LE', 'EEG P3-LE', 'EEG P4-LE', 'EEG O1-LE', 'EEG O2-LE', 'EEG F7-LE', 'EEG F8-LE', 'EEG T3-LE', 'EEG T4-LE', 'EEG T5-LE', 'EEG T6-LE', 'EEG Fz-LE', 'EEG Cz-LE', 'EEG Pz-LE']
Filtering raw data in 1 contiguous segment
Setting up band-pass filter from 0.3 - 75 Hz

FIR filter parameters
---------------------
Designing a one-pass, zero-phase, non-causal bandpass filter:
- Windowed time-domain design (firwin) method
- Hamming window with 0.0194 passband ripple and 53 dB stopband attenuation
- Lower passband edge: 0.30
- Lower transition bandwidth: 0.30 Hz (-6 dB cutoff frequency: 0.15 Hz)
- Upper passband edge: 75.00 Hz
- Upper transition bandwidth: 18.75 Hz (-6 dB cutoff frequency: 84.38 Hz)
- Filter length: 2201 samples (11.005 s)

Filtering raw data in 1 contiguous segment
Setting up band-stop filter from 49 - 51 Hz

FIR filter parameters
---------------------
Designing a one-pass, zero-phase, non-causal bandstop filter:
- Windowed time-domain design (firwin) method
- Hamming window with 0.0194 passband ripple and 53 dB stopband attenuation
- Lower passband edge: 49.38
- Lower transition bandwidth: 0.50 Hz (-6 dB cutoff frequency: 49.12 Hz)
- Upper passband edge: 50.62 Hz
- Upper transition bandwidth: 0.50 Hz (-6 dB cutoff frequency: 50.88 Hz)
- Filter length: 1321 samples (6.605 s)

(60400, 19)
400
(60, 19, 5, 200)
Extracting EDF parameters from /home/wkim/data/mumtaz/files/MDD S34 EC.edf...
Setting channel info structure...
Creating raw.info structure...
Reading 0 ... 76287  =      0.000 ...   297.996 secs...
['EEG Fp1-LE', 'EEG F3-LE', 'EEG C3-LE', 'EEG P3-LE', 'EEG O1-LE', 'EEG F7-LE', 'EEG T3-LE', 'EEG T5-LE', 'EEG Fz-LE', 'EEG Fp2-LE', 'EEG F4-LE', 'EEG C4-LE', 'EEG P4-LE', 'EEG O2-LE', 'EEG F8-LE', 'EEG T4-LE', 'EEG T6-LE', 'EEG Cz-LE', 'EEG Pz-LE', 'EEG A2-A1']
NOTE: pick_channels() is a legacy function. New code should use inst.pick(...).
['EEG Fp1-LE', 'EEG Fp2-LE', 'EEG F3-LE', 'EEG F4-LE', 'EEG C3-LE', 'EEG C4-LE', 'EEG P3-LE', 'EEG P4-LE', 'EEG O1-LE', 'EEG O2-LE', 'EEG F7-LE', 'EEG F8-LE', 'EEG T3-LE', 'EEG T4-LE', 'EEG T5-LE', 'EEG T6-LE', 'EEG Fz-LE', 'EEG Cz-LE', 'EEG Pz-LE']
Filtering raw data in 1 contiguous segment
Setting up band-pass filter from 0.3 - 75 Hz

FIR filter parameters
---------------------
Designing a one-pass, zero-phase, non-causal bandpass filter:
- Windowed time-domain design (firwin) method
- Hamming window with 0.0194 passband ripple and 53 dB stopband attenuation
- Lower passband edge: 0.30
- Lower transition bandwidth: 0.30 Hz (-6 dB cutoff frequency: 0.15 Hz)
- Upper passband edge: 75.00 Hz
- Upper transition bandwidth: 18.75 Hz (-6 dB cutoff frequency: 84.38 Hz)
- Filter length: 2201 samples (11.005 s)

Filtering raw data in 1 contiguous segment
Setting up band-stop filter from 49 - 51 Hz

FIR filter parameters
---------------------
Designing a one-pass, zero-phase, non-causal bandstop filter:
- Windowed time-domain design (firwin) method
- Hamming window with 0.0194 passband ripple and 53 dB stopband attenuation
- Lower passband edge: 49.38
- Lower transition bandwidth: 0.50 Hz (-6 dB cutoff frequency: 49.12 Hz)
- Upper passband edge: 50.62 Hz
- Upper transition bandwidth: 0.50 Hz (-6 dB cutoff frequency: 50.88 Hz)
- Filter length: 1321 samples (6.605 s)

(59600, 19)
600
(59, 19, 5, 200)
Extracting EDF parameters from /home/wkim/data/mumtaz/files/MDD S34 EO.edf...
Setting channel info structure...
Creating raw.info structure...
Reading 0 ... 75775  =      0.000 ...   295.996 secs...
['EEG Fp1-LE', 'EEG F3-LE', 'EEG C3-LE', 'EEG P3-LE', 'EEG O1-LE', 'EEG F7-LE', 'EEG T3-LE', 'EEG T5-LE', 'EEG Fz-LE', 'EEG Fp2-LE', 'EEG F4-LE', 'EEG C4-LE', 'EEG P4-LE', 'EEG O2-LE', 'EEG F8-LE', 'EEG T4-LE', 'EEG T6-LE', 'EEG Cz-LE', 'EEG Pz-LE', 'EEG A2-A1']
NOTE: pick_channels() is a legacy function. New code should use inst.pick(...).
['EEG Fp1-LE', 'EEG Fp2-LE', 'EEG F3-LE', 'EEG F4-LE', 'EEG C3-LE', 'EEG C4-LE', 'EEG P3-LE', 'EEG P4-LE', 'EEG O1-LE', 'EEG O2-LE', 'EEG F7-LE', 'EEG F8-LE', 'EEG T3-LE', 'EEG T4-LE', 'EEG T5-LE', 'EEG T6-LE', 'EEG Fz-LE', 'EEG Cz-LE', 'EEG Pz-LE']
Filtering raw data in 1 contiguous segment
Setting up band-pass filter from 0.3 - 75 Hz

FIR filter parameters
---------------------
Designing a one-pass, zero-phase, non-causal bandpass filter:
- Windowed time-domain design (firwin) method
- Hamming window with 0.0194 passband ripple and 53 dB stopband attenuation
- Lower passband edge: 0.30
- Lower transition bandwidth: 0.30 Hz (-6 dB cutoff frequency: 0.15 Hz)
- Upper passband edge: 75.00 Hz
- Upper transition bandwidth: 18.75 Hz (-6 dB cutoff frequency: 84.38 Hz)
- Filter length: 2201 samples (11.005 s)

Filtering raw data in 1 contiguous segment
Setting up band-stop filter from 49 - 51 Hz

FIR filter parameters
---------------------
Designing a one-pass, zero-phase, non-causal bandstop filter:
- Windowed time-domain design (firwin) method
- Hamming window with 0.0194 passband ripple and 53 dB stopband attenuation
- Lower passband edge: 49.38
- Lower transition bandwidth: 0.50 Hz (-6 dB cutoff frequency: 49.12 Hz)
- Upper passband edge: 50.62 Hz
- Upper transition bandwidth: 0.50 Hz (-6 dB cutoff frequency: 50.88 Hz)
- Filter length: 1321 samples (6.605 s)

(59200, 19)
200
(59, 19, 5, 200)
Extracting EDF parameters from /home/wkim/data/mumtaz/files/MDD S4 EO.edf...
Setting channel info structure...
Creating raw.info structure...
Reading 0 ... 77055  =      0.000 ...   300.996 secs...
['EEG Fp1-LE', 'EEG F3-LE', 'EEG C3-LE', 'EEG P3-LE', 'EEG O1-LE', 'EEG F7-LE', 'EEG T3-LE', 'EEG T5-LE', 'EEG Fz-LE', 'EEG Fp2-LE', 'EEG F4-LE', 'EEG C4-LE', 'EEG P4-LE', 'EEG O2-LE', 'EEG F8-LE', 'EEG T4-LE', 'EEG T6-LE', 'EEG Cz-LE', 'EEG Pz-LE', 'EEG A2-A1']
NOTE: pick_channels() is a legacy function. New code should use inst.pick(...).
['EEG Fp1-LE', 'EEG Fp2-LE', 'EEG F3-LE', 'EEG F4-LE', 'EEG C3-LE', 'EEG C4-LE', 'EEG P3-LE', 'EEG P4-LE', 'EEG O1-LE', 'EEG O2-LE', 'EEG F7-LE', 'EEG F8-LE', 'EEG T3-LE', 'EEG T4-LE', 'EEG T5-LE', 'EEG T6-LE', 'EEG Fz-LE', 'EEG Cz-LE', 'EEG Pz-LE']
Filtering raw data in 1 contiguous segment
Setting up band-pass filter from 0.3 - 75 Hz

FIR filter parameters
---------------------
Designing a one-pass, zero-phase, non-causal bandpass filter:
- Windowed time-domain design (firwin) method
- Hamming window with 0.0194 passband ripple and 53 dB stopband attenuation
- Lower passband edge: 0.30
- Lower transition bandwidth: 0.30 Hz (-6 dB cutoff frequency: 0.15 Hz)
- Upper passband edge: 75.00 Hz
- Upper transition bandwidth: 18.75 Hz (-6 dB cutoff frequency: 84.38 Hz)
- Filter length: 2201 samples (11.005 s)

Filtering raw data in 1 contiguous segment
Setting up band-stop filter from 49 - 51 Hz

FIR filter parameters
---------------------
Designing a one-pass, zero-phase, non-causal bandstop filter:
- Windowed time-domain design (firwin) method
- Hamming window with 0.0194 passband ripple and 53 dB stopband attenuation
- Lower passband edge: 49.38
- Lower transition bandwidth: 0.50 Hz (-6 dB cutoff frequency: 49.12 Hz)
- Upper passband edge: 50.62 Hz
- Upper transition bandwidth: 0.50 Hz (-6 dB cutoff frequency: 50.88 Hz)
- Filter length: 1321 samples (6.605 s)

(60200, 19)
200
(60, 19, 5, 200)
Extracting EDF parameters from /home/wkim/data/mumtaz/files/MDD S5 EC.edf...
Setting channel info structure...
Creating raw.info structure...
Reading 0 ... 77311  =      0.000 ...   301.996 secs...
['EEG Fp1-LE', 'EEG F3-LE', 'EEG C3-LE', 'EEG P3-LE', 'EEG O1-LE', 'EEG F7-LE', 'EEG T3-LE', 'EEG T5-LE', 'EEG Fz-LE', 'EEG Fp2-LE', 'EEG F4-LE', 'EEG C4-LE', 'EEG P4-LE', 'EEG O2-LE', 'EEG F8-LE', 'EEG T4-LE', 'EEG T6-LE', 'EEG Cz-LE', 'EEG Pz-LE', 'EEG A2-A1', 'EEG 23A-23R', 'EEG 24A-24R']
NOTE: pick_channels() is a legacy function. New code should use inst.pick(...).
['EEG Fp1-LE', 'EEG Fp2-LE', 'EEG F3-LE', 'EEG F4-LE', 'EEG C3-LE', 'EEG C4-LE', 'EEG P3-LE', 'EEG P4-LE', 'EEG O1-LE', 'EEG O2-LE', 'EEG F7-LE', 'EEG F8-LE', 'EEG T3-LE', 'EEG T4-LE', 'EEG T5-LE', 'EEG T6-LE', 'EEG Fz-LE', 'EEG Cz-LE', 'EEG Pz-LE']
Filtering raw data in 1 contiguous segment
Setting up band-pass filter from 0.3 - 75 Hz

FIR filter parameters
---------------------
Designing a one-pass, zero-phase, non-causal bandpass filter:
- Windowed time-domain design (firwin) method
- Hamming window with 0.0194 passband ripple and 53 dB stopband attenuation
- Lower passband edge: 0.30
- Lower transition bandwidth: 0.30 Hz (-6 dB cutoff frequency: 0.15 Hz)
- Upper passband edge: 75.00 Hz
- Upper transition bandwidth: 18.75 Hz (-6 dB cutoff frequency: 84.38 Hz)
- Filter length: 2201 samples (11.005 s)

Filtering raw data in 1 contiguous segment
Setting up band-stop filter from 49 - 51 Hz

FIR filter parameters
---------------------
Designing a one-pass, zero-phase, non-causal bandstop filter:
- Windowed time-domain design (firwin) method
- Hamming window with 0.0194 passband ripple and 53 dB stopband attenuation
- Lower passband edge: 49.38
- Lower transition bandwidth: 0.50 Hz (-6 dB cutoff frequency: 49.12 Hz)
- Upper passband edge: 50.62 Hz
- Upper transition bandwidth: 0.50 Hz (-6 dB cutoff frequency: 50.88 Hz)
- Filter length: 1321 samples (6.605 s)

(60400, 19)
400
(60, 19, 5, 200)
Extracting EDF parameters from /home/wkim/data/mumtaz/files/MDD S5 EO.edf...
Setting channel info structure...
Creating raw.info structure...
Reading 0 ... 77311  =      0.000 ...   301.996 secs...
['EEG Fp1-LE', 'EEG F3-LE', 'EEG C3-LE', 'EEG P3-LE', 'EEG O1-LE', 'EEG F7-LE', 'EEG T3-LE', 'EEG T5-LE', 'EEG Fz-LE', 'EEG Fp2-LE', 'EEG F4-LE', 'EEG C4-LE', 'EEG P4-LE', 'EEG O2-LE', 'EEG F8-LE', 'EEG T4-LE', 'EEG T6-LE', 'EEG Cz-LE', 'EEG Pz-LE', 'EEG A2-A1', 'EEG 23A-23R', 'EEG 24A-24R']
NOTE: pick_channels() is a legacy function. New code should use inst.pick(...).
['EEG Fp1-LE', 'EEG Fp2-LE', 'EEG F3-LE', 'EEG F4-LE', 'EEG C3-LE', 'EEG C4-LE', 'EEG P3-LE', 'EEG P4-LE', 'EEG O1-LE', 'EEG O2-LE', 'EEG F7-LE', 'EEG F8-LE', 'EEG T3-LE', 'EEG T4-LE', 'EEG T5-LE', 'EEG T6-LE', 'EEG Fz-LE', 'EEG Cz-LE', 'EEG Pz-LE']
Filtering raw data in 1 contiguous segment
Setting up band-pass filter from 0.3 - 75 Hz

FIR filter parameters
---------------------
Designing a one-pass, zero-phase, non-causal bandpass filter:
- Windowed time-domain design (firwin) method
- Hamming window with 0.0194 passband ripple and 53 dB stopband attenuation
- Lower passband edge: 0.30
- Lower transition bandwidth: 0.30 Hz (-6 dB cutoff frequency: 0.15 Hz)
- Upper passband edge: 75.00 Hz
- Upper transition bandwidth: 18.75 Hz (-6 dB cutoff frequency: 84.38 Hz)
- Filter length: 2201 samples (11.005 s)

Filtering raw data in 1 contiguous segment
Setting up band-stop filter from 49 - 51 Hz

FIR filter parameters
---------------------
Designing a one-pass, zero-phase, non-causal bandstop filter:
- Windowed time-domain design (firwin) method
- Hamming window with 0.0194 passband ripple and 53 dB stopband attenuation
- Lower passband edge: 49.38
- Lower transition bandwidth: 0.50 Hz (-6 dB cutoff frequency: 49.12 Hz)
- Upper passband edge: 50.62 Hz
- Upper transition bandwidth: 0.50 Hz (-6 dB cutoff frequency: 50.88 Hz)
- Filter length: 1321 samples (6.605 s)

(60400, 19)
400
(60, 19, 5, 200)
Extracting EDF parameters from /home/wkim/data/mumtaz/files/MDD S6 EC.edf...
Setting channel info structure...
Creating raw.info structure...
Reading 0 ... 77311  =      0.000 ...   301.996 secs...
['EEG Fp1-LE', 'EEG F3-LE', 'EEG C3-LE', 'EEG P3-LE', 'EEG O1-LE', 'EEG F7-LE', 'EEG T3-LE', 'EEG T5-LE', 'EEG Fz-LE', 'EEG Fp2-LE', 'EEG F4-LE', 'EEG C4-LE', 'EEG P4-LE', 'EEG O2-LE', 'EEG F8-LE', 'EEG T4-LE', 'EEG T6-LE', 'EEG Cz-LE', 'EEG Pz-LE', 'EEG A2-A1']
NOTE: pick_channels() is a legacy function. New code should use inst.pick(...).
['EEG Fp1-LE', 'EEG Fp2-LE', 'EEG F3-LE', 'EEG F4-LE', 'EEG C3-LE', 'EEG C4-LE', 'EEG P3-LE', 'EEG P4-LE', 'EEG O1-LE', 'EEG O2-LE', 'EEG F7-LE', 'EEG F8-LE', 'EEG T3-LE', 'EEG T4-LE', 'EEG T5-LE', 'EEG T6-LE', 'EEG Fz-LE', 'EEG Cz-LE', 'EEG Pz-LE']
Filtering raw data in 1 contiguous segment
Setting up band-pass filter from 0.3 - 75 Hz

FIR filter parameters
---------------------
Designing a one-pass, zero-phase, non-causal bandpass filter:
- Windowed time-domain design (firwin) method
- Hamming window with 0.0194 passband ripple and 53 dB stopband attenuation
- Lower passband edge: 0.30
- Lower transition bandwidth: 0.30 Hz (-6 dB cutoff frequency: 0.15 Hz)
- Upper passband edge: 75.00 Hz
- Upper transition bandwidth: 18.75 Hz (-6 dB cutoff frequency: 84.38 Hz)
- Filter length: 2201 samples (11.005 s)

Filtering raw data in 1 contiguous segment
Setting up band-stop filter from 49 - 51 Hz

FIR filter parameters
---------------------
Designing a one-pass, zero-phase, non-causal bandstop filter:
- Windowed time-domain design (firwin) method
- Hamming window with 0.0194 passband ripple and 53 dB stopband attenuation
- Lower passband edge: 49.38
- Lower transition bandwidth: 0.50 Hz (-6 dB cutoff frequency: 49.12 Hz)
- Upper passband edge: 50.62 Hz
- Upper transition bandwidth: 0.50 Hz (-6 dB cutoff frequency: 50.88 Hz)
- Filter length: 1321 samples (6.605 s)

(60400, 19)
400
(60, 19, 5, 200)
Extracting EDF parameters from /home/wkim/data/mumtaz/files/MDD S6 EO.edf...
Setting channel info structure...
Creating raw.info structure...
Reading 0 ... 77055  =      0.000 ...   300.996 secs...
['EEG Fp1-LE', 'EEG F3-LE', 'EEG C3-LE', 'EEG P3-LE', 'EEG O1-LE', 'EEG F7-LE', 'EEG T3-LE', 'EEG T5-LE', 'EEG Fz-LE', 'EEG Fp2-LE', 'EEG F4-LE', 'EEG C4-LE', 'EEG P4-LE', 'EEG O2-LE', 'EEG F8-LE', 'EEG T4-LE', 'EEG T6-LE', 'EEG Cz-LE', 'EEG Pz-LE', 'EEG A2-A1']
NOTE: pick_channels() is a legacy function. New code should use inst.pick(...).
['EEG Fp1-LE', 'EEG Fp2-LE', 'EEG F3-LE', 'EEG F4-LE', 'EEG C3-LE', 'EEG C4-LE', 'EEG P3-LE', 'EEG P4-LE', 'EEG O1-LE', 'EEG O2-LE', 'EEG F7-LE', 'EEG F8-LE', 'EEG T3-LE', 'EEG T4-LE', 'EEG T5-LE', 'EEG T6-LE', 'EEG Fz-LE', 'EEG Cz-LE', 'EEG Pz-LE']
Filtering raw data in 1 contiguous segment
Setting up band-pass filter from 0.3 - 75 Hz

FIR filter parameters
---------------------
Designing a one-pass, zero-phase, non-causal bandpass filter:
- Windowed time-domain design (firwin) method
- Hamming window with 0.0194 passband ripple and 53 dB stopband attenuation
- Lower passband edge: 0.30
- Lower transition bandwidth: 0.30 Hz (-6 dB cutoff frequency: 0.15 Hz)
- Upper passband edge: 75.00 Hz
- Upper transition bandwidth: 18.75 Hz (-6 dB cutoff frequency: 84.38 Hz)
- Filter length: 2201 samples (11.005 s)

Filtering raw data in 1 contiguous segment
Setting up band-stop filter from 49 - 51 Hz

FIR filter parameters
---------------------
Designing a one-pass, zero-phase, non-causal bandstop filter:
- Windowed time-domain design (firwin) method
- Hamming window with 0.0194 passband ripple and 53 dB stopband attenuation
- Lower passband edge: 49.38
- Lower transition bandwidth: 0.50 Hz (-6 dB cutoff frequency: 49.12 Hz)
- Upper passband edge: 50.62 Hz
- Upper transition bandwidth: 0.50 Hz (-6 dB cutoff frequency: 50.88 Hz)
- Filter length: 1321 samples (6.605 s)

(60200, 19)
200
(60, 19, 5, 200)
Extracting EDF parameters from /home/wkim/data/mumtaz/files/MDD S7  EC.edf...
Setting channel info structure...
Creating raw.info structure...
Reading 0 ... 76799  =      0.000 ...   299.996 secs...
['EEG Fp1-LE', 'EEG F3-LE', 'EEG C3-LE', 'EEG P3-LE', 'EEG O1-LE', 'EEG F7-LE', 'EEG T3-LE', 'EEG T5-LE', 'EEG Fz-LE', 'EEG Fp2-LE', 'EEG F4-LE', 'EEG C4-LE', 'EEG P4-LE', 'EEG O2-LE', 'EEG F8-LE', 'EEG T4-LE', 'EEG T6-LE', 'EEG Cz-LE', 'EEG Pz-LE', 'EEG A2-A1']
NOTE: pick_channels() is a legacy function. New code should use inst.pick(...).
['EEG Fp1-LE', 'EEG Fp2-LE', 'EEG F3-LE', 'EEG F4-LE', 'EEG C3-LE', 'EEG C4-LE', 'EEG P3-LE', 'EEG P4-LE', 'EEG O1-LE', 'EEG O2-LE', 'EEG F7-LE', 'EEG F8-LE', 'EEG T3-LE', 'EEG T4-LE', 'EEG T5-LE', 'EEG T6-LE', 'EEG Fz-LE', 'EEG Cz-LE', 'EEG Pz-LE']
Filtering raw data in 1 contiguous segment
Setting up band-pass filter from 0.3 - 75 Hz

FIR filter parameters
---------------------
Designing a one-pass, zero-phase, non-causal bandpass filter:
- Windowed time-domain design (firwin) method
- Hamming window with 0.0194 passband ripple and 53 dB stopband attenuation
- Lower passband edge: 0.30
- Lower transition bandwidth: 0.30 Hz (-6 dB cutoff frequency: 0.15 Hz)
- Upper passband edge: 75.00 Hz
- Upper transition bandwidth: 18.75 Hz (-6 dB cutoff frequency: 84.38 Hz)
- Filter length: 2201 samples (11.005 s)

Filtering raw data in 1 contiguous segment
Setting up band-stop filter from 49 - 51 Hz

FIR filter parameters
---------------------
Designing a one-pass, zero-phase, non-causal bandstop filter:
- Windowed time-domain design (firwin) method
- Hamming window with 0.0194 passband ripple and 53 dB stopband attenuation
- Lower passband edge: 49.38
- Lower transition bandwidth: 0.50 Hz (-6 dB cutoff frequency: 49.12 Hz)
- Upper passband edge: 50.62 Hz
- Upper transition bandwidth: 0.50 Hz (-6 dB cutoff frequency: 50.88 Hz)
- Filter length: 1321 samples (6.605 s)

(60000, 19)
0
(60, 19, 5, 200)
Extracting EDF parameters from /home/wkim/data/mumtaz/files/MDD S9 EC.edf...
Setting channel info structure...
Creating raw.info structure...
Reading 0 ... 76799  =      0.000 ...   299.996 secs...
['EEG Fp1-LE', 'EEG F3-LE', 'EEG C3-LE', 'EEG P3-LE', 'EEG O1-LE', 'EEG F7-LE', 'EEG T3-LE', 'EEG T5-LE', 'EEG Fz-LE', 'EEG Fp2-LE', 'EEG F4-LE', 'EEG C4-LE', 'EEG P4-LE', 'EEG O2-LE', 'EEG F8-LE', 'EEG T4-LE', 'EEG T6-LE', 'EEG Cz-LE', 'EEG Pz-LE', 'EEG A2-A1']
NOTE: pick_channels() is a legacy function. New code should use inst.pick(...).
['EEG Fp1-LE', 'EEG Fp2-LE', 'EEG F3-LE', 'EEG F4-LE', 'EEG C3-LE', 'EEG C4-LE', 'EEG P3-LE', 'EEG P4-LE', 'EEG O1-LE', 'EEG O2-LE', 'EEG F7-LE', 'EEG F8-LE', 'EEG T3-LE', 'EEG T4-LE', 'EEG T5-LE', 'EEG T6-LE', 'EEG Fz-LE', 'EEG Cz-LE', 'EEG Pz-LE']
Filtering raw data in 1 contiguous segment
Setting up band-pass filter from 0.3 - 75 Hz

FIR filter parameters
---------------------
Designing a one-pass, zero-phase, non-causal bandpass filter:
- Windowed time-domain design (firwin) method
- Hamming window with 0.0194 passband ripple and 53 dB stopband attenuation
- Lower passband edge: 0.30
- Lower transition bandwidth: 0.30 Hz (-6 dB cutoff frequency: 0.15 Hz)
- Upper passband edge: 75.00 Hz
- Upper transition bandwidth: 18.75 Hz (-6 dB cutoff frequency: 84.38 Hz)
- Filter length: 2201 samples (11.005 s)

Filtering raw data in 1 contiguous segment
Setting up band-stop filter from 49 - 51 Hz

FIR filter parameters
---------------------
Designing a one-pass, zero-phase, non-causal bandstop filter:
- Windowed time-domain design (firwin) method
- Hamming window with 0.0194 passband ripple and 53 dB stopband attenuation
- Lower passband edge: 49.38
- Lower transition bandwidth: 0.50 Hz (-6 dB cutoff frequency: 49.12 Hz)
- Upper passband edge: 50.62 Hz
- Upper transition bandwidth: 0.50 Hz (-6 dB cutoff frequency: 50.88 Hz)
- Filter length: 1321 samples (6.605 s)

(60000, 19)
0
(60, 19, 5, 200)
Extracting EDF parameters from /home/wkim/data/mumtaz/files/MDD S9 EO.edf...
Setting channel info structure...
Creating raw.info structure...
Reading 0 ... 76799  =      0.000 ...   299.996 secs...
['EEG Fp1-LE', 'EEG F3-LE', 'EEG C3-LE', 'EEG P3-LE', 'EEG O1-LE', 'EEG F7-LE', 'EEG T3-LE', 'EEG T5-LE', 'EEG Fz-LE', 'EEG Fp2-LE', 'EEG F4-LE', 'EEG C4-LE', 'EEG P4-LE', 'EEG O2-LE', 'EEG F8-LE', 'EEG T4-LE', 'EEG T6-LE', 'EEG Cz-LE', 'EEG Pz-LE', 'EEG A2-A1']
NOTE: pick_channels() is a legacy function. New code should use inst.pick(...).
['EEG Fp1-LE', 'EEG Fp2-LE', 'EEG F3-LE', 'EEG F4-LE', 'EEG C3-LE', 'EEG C4-LE', 'EEG P3-LE', 'EEG P4-LE', 'EEG O1-LE', 'EEG O2-LE', 'EEG F7-LE', 'EEG F8-LE', 'EEG T3-LE', 'EEG T4-LE', 'EEG T5-LE', 'EEG T6-LE', 'EEG Fz-LE', 'EEG Cz-LE', 'EEG Pz-LE']
Filtering raw data in 1 contiguous segment
Setting up band-pass filter from 0.3 - 75 Hz

FIR filter parameters
---------------------
Designing a one-pass, zero-phase, non-causal bandpass filter:
- Windowed time-domain design (firwin) method
- Hamming window with 0.0194 passband ripple and 53 dB stopband attenuation
- Lower passband edge: 0.30
- Lower transition bandwidth: 0.30 Hz (-6 dB cutoff frequency: 0.15 Hz)
- Upper passband edge: 75.00 Hz
- Upper transition bandwidth: 18.75 Hz (-6 dB cutoff frequency: 84.38 Hz)
- Filter length: 2201 samples (11.005 s)

Filtering raw data in 1 contiguous segment
Setting up band-stop filter from 49 - 51 Hz

FIR filter parameters
---------------------
Designing a one-pass, zero-phase, non-causal bandstop filter:
- Windowed time-domain design (firwin) method
- Hamming window with 0.0194 passband ripple and 53 dB stopband attenuation
- Lower passband edge: 49.38
- Lower transition bandwidth: 0.50 Hz (-6 dB cutoff frequency: 49.12 Hz)
- Upper passband edge: 50.62 Hz
- Upper transition bandwidth: 0.50 Hz (-6 dB cutoff frequency: 50.88 Hz)
- Filter length: 1321 samples (6.605 s)

(60000, 19)
0
(60, 19, 5, 200)
